appID,appName,developer,playStoreLink,category,installs,reviews,apkNumber,apkDistribution,privacyPolicyLink,privacyPolicyNumber,privacyPolicyDistribution
com.alibaba.intl.android.apps.poseidon,Alibaba.com - B2B marketplace,Alibaba Mobile,https://play.google.com/store/apps/details?id=com.alibaba.intl.android.apps.poseidon&hl=en&gl=us,"[{'name': 'Shopping', 'id': 'SHOPPING'}]","100,000,000+",46818,27,"{'201708': False, '201709': False, '201710': False, '201711': False, '201712': False, '201801': False, '201802': False, '201803': False, '201804': False, '201805': False, '201806': False, '201807': False, '201808': False, '201809': False, '201810': False, '201811': False, '201812': False, '201901': False, '201902': False, '201903': False, '201904': False, '201905': False, '201906': False, '201907': False, '201908': False, '201909': False, '201910': False, '201911': False, '201912': False, '202001': False, '202002': False, '202003': False, '202004': False, '202005': False, '202006': False, '202007': False, '202008': False, '202009': False, '202010': False, '202011': False, '202012': False, '202101': False, '202102': False, '202103': False, '202104': False, '202105': False, '202106': False, '202107': False, '202108': False, '202109': True, '202110': True, '202111': False, '202112': False, '202201': False, '202202': False, '202203': False, '202204': False, '202205': False, '202206': False, '202207': False, '202208': True, '202209': False, '202210': True, '202211': True, '202212': True, '202301': True, '202302': True, '202303': True, '202304': True, '202305': True, '202306': True, '202307': True, '202308': True, '202309': True, '202310': True, '202311': True, '202312': True, '202401': True, '202402': True, '202403': True, '202404': True, '202405': True, '202406': True, '202407': True, '202408': True, '202409': True}",http://rule.alibaba.com/rule/detail/2034.htm,85,"{'201708': True, '201709': True, '201710': True, '201711': True, '201712': True, '201801': True, '201802': True, '201803': True, '201804': True, '201805': True, '201806': True, '201807': True, '201808': True, '201809': True, '201810': True, '201811': True, '201812': True, '201901': True, '201902': True, '201903': True, '201904': True, '201905': True, '201906': True, '201907': True, '201908': True, '201909': True, '201910': True, '201911': True, '201912': True, '202001': True, '202002': True, '202003': True, '202004': True, '202005': True, '202006': True, '202007': True, '202008': True, '202009': True, '202010': True, '202011': True, '202012': True, '202101': True, '202102': True, '202103': True, '202104': True, '202105': True, '202106': True, '202107': True, '202108': True, '202109': True, '202110': True, '202111': True, '202112': True, '202201': True, '202202': True, '202203': True, '202204': True, '202205': True, '202206': True, '202207': True, '202208': True, '202209': True, '202210': True, '202211': True, '202212': True, '202301': True, '202302': True, '202303': True, '202304': True, '202305': True, '202306': True, '202307': True, '202308': True, '202309': True, '202310': True, '202311': True, '202312': True, '202401': True, '202402': False, '202403': True, '202404': True, '202405': True, '202406': True, '202407': True, '202408': True, '202409': True}"
com.alibaba.aliexpresshd,AliExpress - Shopping App,Alibaba Mobile,https://play.google.com/store/apps/details?id=com.alibaba.aliexpresshd&hl=en&gl=us,"[{'name': 'Shopping', 'id': 'SHOPPING'}]","500,000,000+",180042,80,"{'201708': True, '201709': True, '201710': True, '201711': True, '201712': True, '201801': True, '201802': True, '201803': True, '201804': True, '201805': True, '201806': True, '201807': True, '201808': True, '201809': True, '201810': True, '201811': True, '201812': True, '201901': True, '201902': False, '201903': True, '201904': True, '201905': True, '201906': True, '201907': True, '201908': True, '201909': True, '201910': True, '201911': True, '201912': True, '202001': True, '202002': False, '202003': False, '202004': True, '202005': False, '202006': True, '202007': True, '202008': True, '202009': True, '202010': True, '202011': True, '202012': True, '202101': True, '202102': True, '202103': True, '202104': True, '202105': True, '202106': False, '202107': True, '202108': True, '202109': True, '202110': True, '202111': True, '202112': True, '202201': True, '202202': True, '202203': True, '202204': True, '202205': True, '202206': True, '202207': True, '202208': True, '202209': True, '202210': True, '202211': True, '202212': True, '202301': True, '202302': True, '202303': True, '202304': True, '202305': True, '202306': True, '202307': True, '202308': True, '202309': True, '202310': True, '202311': True, '202312': True, '202401': True, '202402': True, '202403': True, '202404': True, '202405': True, '202406': True, '202407': True, '202408': False, '202409': True}",http://terms.alicdn.com/legal-agreement/terms/suit_bu1_aliexpress/suit_bu1_aliexpress201909171350_82407.html,46,"{'201708': False, '201709': False, '201710': False, '201711': False, '201712': False, '201801': False, '201802': False, '201803': False, '201804': False, '201805': False, '201806': False, '201807': False, '201808': False, '201809': False, '201810': False, '201811': False, '201812': False, '201901': False, '201902': False, '201903': False, '201904': False, '201905': False, '201906': False, '201907': False, '201908': False, '201909': False, '201910': False, '201911': False, '201912': False, '202001': False, '202002': False, '202003': False, '202004': False, '202005': False, '202006': False, '202007': False, '202008': False, '202009': False, '202010': False, '202011': True, '202012': True, '202101': True, '202102': False, '202103': True, '202104': True, '202105': True, '202106': True, '202107': True, '202108': True, '202109': True, '202110': True, '202111': True, '202112': True, '202201': True, '202202': True, '202203': True, '202204': True, '202205': True, '202206': True, '202207': True, '202208': True, '202209': True, '202210': True, '202211': True, '202212': True, '202301': True, '202302': True, '202303': True, '202304': True, '202305': True, '202306': True, '202307': True, '202308': True, '202309': True, '202310': True, '202311': True, '202312': True, '202401': True, '202402': True, '202403': True, '202404': True, '202405': True, '202406': True, '202407': True, '202408': True, '202409': True}"
com.amazon.mShop.android.shopping,Amazon Shopping,Amazon Mobile LLC,https://play.google.com/store/apps/details?id=com.amazon.mShop.android.shopping&hl=en&gl=us,"[{'name': 'Shopping', 'id': 'SHOPPING'}]","500,000,000+",313058,38,"{'201708': False, '201709': False, '201710': False, '201711': False, '201712': False, '201801': False, '201802': False, '201803': False, '201804': False, '201805': False, '201806': True, '201807': False, '201808': False, '201809': False, '201810': False, '201811': False, '201812': False, '201901': False, '201902': False, '201903': False, '201904': False, '201905': False, '201906': False, '201907': False, '201908': True, '201909': False, '201910': False, '201911': False, '201912': False, '202001': False, '202002': False, '202003': False, '202004': False, '202005': False, '202006': True, '202007': False, '202008': False, '202009': False, '202010': False, '202011': False, '202012': False, '202101': True, '202102': False, '202103': False, '202104': False, '202105': False, '202106': True, '202107': True, '202108': False, '202109': False, '202110': False, '202111': False, '202112': True, '202201': False, '202202': False, '202203': True, '202204': True, '202205': True, '202206': True, '202207': True, '202208': True, '202209': True, '202210': True, '202211': True, '202212': True, '202301': True, '202302': True, '202303': True, '202304': True, '202305': True, '202306': True, '202307': True, '202308': True, '202309': True, '202310': True, '202311': True, '202312': True, '202401': True, '202402': True, '202403': True, '202404': True, '202405': True, '202406': True, '202407': True, '202408': False, '202409': False, '201505': True, '201704': True}",https://www.amazon.com/gp/help/customer/display.html?ie=UTF8&nodeId=468496,0,"{'201708': False, '201709': False, '201710': False, '201711': False, '201712': False, '201801': False, '201802': False, '201803': False, '201804': False, '201805': False, '201806': False, '201807': False, '201808': False, '201809': False, '201810': False, '201811': False, '201812': False, '201901': False, '201902': False, '201903': False, '201904': False, '201905': False, '201906': False, '201907': False, '201908': False, '201909': False, '201910': False, '201911': False, '201912': False, '202001': False, '202002': False, '202003': False, '202004': False, '202005': False, '202006': False, '202007': False, '202008': False, '202009': False, '202010': False, '202011': False, '202012': False, '202101': False, '202102': False, '202103': False, '202104': False, '202105': False, '202106': False, '202107': False, '202108': False, '202109': False, '202110': False, '202111': False, '202112': False, '202201': False, '202202': False, '202203': False, '202204': False, '202205': False, '202206': False, '202207': False, '202208': False, '202209': False, '202210': False, '202211': False, '202212': False, '202301': False, '202302': False, '202303': False, '202304': False, '202305': False, '202306': False, '202307': False, '202308': False, '202309': False, '202310': False, '202311': False, '202312': False, '202401': False, '202402': False, '202403': False, '202404': False, '202405': False, '202406': False, '202407': False, '202408': False, '202409': False}"
com.lemon.lvoverseas,CapCut - Video Editor,Bytedance Pte. Ltd.,https://play.google.com/store/apps/details?id=com.lemon.lvoverseas&hl=en&gl=us,"[{'name': 'Video Players & Editors', 'id': 'VIDEO_PLAYERS'}]","1,000,000,000+",90238,40,"{'201708': False, '201709': False, '201710': False, '201711': False, '201712': False, '201801': False, '201802': False, '201803': False, '201804': False, '201805': False, '201806': False, '201807': False, '201808': False, '201809': False, '201810': False, '201811': False, '201812': False, '201901': False, '201902': False, '201903': False, '201904': False, '201905': False, '201906': False, '201907': False, '201908': False, '201909': False, '201910': False, '201911': False, '201912': False, '202001': False, '202002': False, '202003': False, '202004': False, '202005': False, '202006': False, '202007': False, '202008': False, '202009': False, '202010': False, '202011': False, '202012': False, '202101': False, '202102': False, '202103': False, '202104': False, '202105': False, '202106': True, '202107': True, '202108': True, '202109': True, '202110': True, '202111': True, '202112': True, '202201': True, '202202': True, '202203': True, '202204': True, '202205': True, '202206': True, '202207': True, '202208': True, '202209': True, '202210': True, '202211': True, '202212': True, '202301': True, '202302': True, '202303': True, '202304': True, '202305': True, '202306': True, '202307': True, '202308': True, '202309': True, '202310': True, '202311': True, '202312': True, '202401': True, '202402': True, '202403': True, '202404': True, '202405': True, '202406': True, '202407': True, '202408': True, '202409': True}",https://sf16-draftcdn-sg.ibytedtos.com/obj/ies-hotsoon-draft-sg/capcut/via_clause_privacy_policy_en.html,31,"{'201708': False, '201709': False, '201710': False, '201711': False, '201712': False, '201801': False, '201802': False, '201803': False, '201804': False, '201805': False, '201806': False, '201807': False, '201808': False, '201809': False, '201810': False, '201811': False, '201812': False, '201901': False, '201902': False, '201903': False, '201904': False, '201905': False, '201906': False, '201907': False, '201908': False, '201909': False, '201910': False, '201911': False, '201912': False, '202001': False, '202002': False, '202003': False, '202004': False, '202005': False, '202006': False, '202007': False, '202008': False, '202009': False, '202010': False, '202011': True, '202012': False, '202101': False, '202102': True, '202103': False, '202104': False, '202105': True, '202106': True, '202107': True, '202108': False, '202109': False, '202110': False, '202111': True, '202112': True, '202201': False, '202202': False, '202203': True, '202204': False, '202205': True, '202206': False, '202207': True, '202208': True, '202209': False, '202210': True, '202211': False, '202212': True, '202301': True, '202302': True, '202303': True, '202304': True, '202305': True, '202306': True, '202307': True, '202308': True, '202309': True, '202310': True, '202311': True, '202312': True, '202401': True, '202402': False, '202403': True, '202404': False, '202405': True, '202406': True, '202407': False, '202408': True, '202409': True}"
com.classdojo.android,ClassDojo,ClassDojo,https://play.google.com/store/apps/details?id=com.classdojo.android&hl=en&gl=us,"[{'name': 'Education', 'id': 'EDUCATION'}]","10,000,000+",77899,49,"{'201708': False, '201709': False, '201710': False, '201711': False, '201712': False, '201801': False, '201802': False, '201803': False, '201804': False, '201805': False, '201806': False, '201807': False, '201808': False, '201809': False, '201810': False, '201811': False, '201812': False, '201901': False, '201902': True, '201903': True, '201904': True, '201905': True, '201906': False, '201907': False, '201908': False, '201909': False, '201910': False, '201911': False, '201912': False, '202001': False, '202002': False, '202003': False, '202004': False, '202005': False, '202006': True, '202007': False, '202008': False, '202009': True, '202010': False, '202011': False, '202012': True, '202101': False, '202102': True, '202103': True, '202104': True, '202105': True, '202106': True, '202107': True, '202108': True, '202109': True, '202110': True, '202111': True, '202112': True, '202201': True, '202202': True, '202203': True, '202204': True, '202205': True, '202206': True, '202207': True, '202208': True, '202209': True, '202210': True, '202211': True, '202212': True, '202301': True, '202302': True, '202303': True, '202304': True, '202305': True, '202306': True, '202307': True, '202308': True, '202309': True, '202310': True, '202311': True, '202312': True, '202401': True, '202402': True, '202403': True, '202404': True, '202405': True, '202406': True, '202407': True, '202408': False, '202409': False}",http://www.classdojo.com/privacy,59,"{'201708': False, '201709': False, '201710': False, '201711': False, '201712': False, '201801': False, '201802': True, '201803': False, '201804': False, '201805': False, '201806': False, '201807': False, '201808': False, '201809': False, '201810': False, '201811': False, '201812': True, '201901': True, '201902': True, '201903': False, '201904': True, '201905': False, '201906': True, '201907': False, '201908': True, '201909': False, '201910': True, '201911': False, '201912': True, '202001': False, '202002': False, '202003': True, '202004': True, '202005': False, '202006': True, '202007': True, '202008': True, '202009': True, '202010': True, '202011': True, '202012': True, '202101': True, '202102': True, '202103': True, '202104': True, '202105': True, '202106': True, '202107': True, '202108': True, '202109': True, '202110': True, '202111': True, '202112': True, '202201': True, '202202': True, '202203': True, '202204': False, '202205': True, '202206': False, '202207': True, '202208': True, '202209': True, '202210': True, '202211': False, '202212': False, '202301': True, '202302': True, '202303': False, '202304': True, '202305': True, '202306': True, '202307': True, '202308': True, '202309': True, '202310': True, '202311': True, '202312': True, '202401': True, '202402': True, '202403': True, '202404': True, '202405': True, '202406': True, '202407': True, '202408': True, '202409': True}"
com.dd.doordash,DoorDash - Food Delivery,DoorDash,https://play.google.com/store/apps/details?id=com.dd.doordash&hl=en&gl=us,"[{'name': 'Food & Drink', 'id': 'FOOD_AND_DRINK'}]","50,000,000+",641070,42,"{'201708': False, '201709': False, '201710': False, '201711': False, '201712': False, '201801': False, '201802': False, '201803': False, '201804': False, '201805': False, '201806': False, '201807': False, '201808': False, '201809': False, '201810': False, '201811': False, '201812': False, '201901': False, '201902': False, '201903': False, '201904': False, '201905': False, '201906': False, '201907': False, '201908': False, '201909': False, '201910': False, '201911': False, '201912': False, '202001': False, '202002': False, '202003': False, '202004': False, '202005': False, '202006': False, '202007': False, '202008': False, '202009': False, '202010': False, '202011': False, '202012': True, '202101': True, '202102': True, '202103': True, '202104': True, '202105': True, '202106': False, '202107': False, '202108': True, '202109': True, '202110': True, '202111': True, '202112': True, '202201': True, '202202': True, '202203': True, '202204': True, '202205': True, '202206': True, '202207': True, '202208': True, '202209': True, '202210': True, '202211': True, '202212': True, '202301': True, '202302': True, '202303': True, '202304': True, '202305': True, '202306': True, '202307': True, '202308': True, '202309': True, '202310': True, '202311': True, '202312': True, '202401': True, '202402': True, '202403': True, '202404': True, '202405': True, '202406': True, '202407': True, '202408': False, '202409': False}",https://www.doordash.com/privacy/,37,"{'201708': False, '201709': False, '201710': False, '201711': False, '201712': False, '201801': False, '201802': False, '201803': False, '201804': False, '201805': True, '201806': False, '201807': False, '201808': False, '201809': False, '201810': True, '201811': False, '201812': False, '201901': True, '201902': False, '201903': True, '201904': True, '201905': True, '201906': True, '201907': True, '201908': True, '201909': False, '201910': True, '201911': False, '201912': False, '202001': True, '202002': False, '202003': True, '202004': True, '202005': True, '202006': False, '202007': True, '202008': False, '202009': True, '202010': False, '202011': True, '202012': True, '202101': False, '202102': True, '202103': True, '202104': False, '202105': True, '202106': False, '202107': True, '202108': False, '202109': False, '202110': True, '202111': False, '202112': True, '202201': False, '202202': False, '202203': True, '202204': True, '202205': False, '202206': True, '202207': False, '202208': False, '202209': False, '202210': False, '202211': False, '202212': False, '202301': False, '202302': True, '202303': True, '202304': False, '202305': True, '202306': True, '202307': False, '202308': True, '202309': False, '202310': False, '202311': False, '202312': False, '202401': False, '202402': False, '202403': False, '202404': True, '202405': True, '202406': False, '202407': True, '202408': True, '202409': True}"
com.duolingo,Duolingo: Language Lessons,Duolingo,https://play.google.com/store/apps/details?id=com.duolingo&hl=en&gl=us,"[{'name': 'Education', 'id': 'EDUCATION'}]","500,000,000+",810720,67,"{'201708': True, '201709': True, '201710': True, '201711': True, '201712': True, '201801': True, '201802': True, '201803': True, '201804': True, '201805': True, '201806': True, '201807': True, '201808': True, '201809': True, '201810': True, '201811': True, '201812': False, '201901': False, '201902': False, '201903': False, '201904': False, '201905': False, '201906': False, '201907': False, '201908': False, '201909': False, '201910': False, '201911': False, '201912': False, '202001': False, '202002': False, '202003': False, '202004': True, '202005': False, '202006': True, '202007': True, '202008': True, '202009': True, '202010': True, '202011': True, '202012': True, '202101': True, '202102': True, '202103': True, '202104': True, '202105': True, '202106': True, '202107': True, '202108': True, '202109': True, '202110': True, '202111': True, '202112': True, '202201': True, '202202': True, '202203': True, '202204': True, '202205': True, '202206': True, '202207': True, '202208': True, '202209': True, '202210': True, '202211': True, '202212': True, '202301': True, '202302': True, '202303': True, '202304': True, '202305': True, '202306': True, '202307': True, '202308': True, '202309': True, '202310': True, '202311': True, '202312': True, '202401': True, '202402': True, '202403': True, '202404': True, '202405': True, '202406': True, '202407': True, '202408': False, '202409': False}",https://www.duolingo.com/privacy,82,"{'201708': False, '201709': False, '201710': True, '201711': True, '201712': True, '201801': True, '201802': True, '201803': True, '201804': True, '201805': True, '201806': True, '201807': True, '201808': False, '201809': True, '201810': True, '201811': True, '201812': True, '201901': True, '201902': True, '201903': True, '201904': True, '201905': True, '201906': True, '201907': True, '201908': True, '201909': False, '201910': True, '201911': True, '201912': True, '202001': True, '202002': True, '202003': True, '202004': True, '202005': True, '202006': True, '202007': True, '202008': True, '202009': True, '202010': True, '202011': True, '202012': True, '202101': True, '202102': True, '202103': True, '202104': True, '202105': True, '202106': True, '202107': True, '202108': True, '202109': True, '202110': True, '202111': True, '202112': True, '202201': True, '202202': True, '202203': True, '202204': True, '202205': True, '202206': True, '202207': True, '202208': True, '202209': True, '202210': True, '202211': True, '202212': True, '202301': True, '202302': True, '202303': True, '202304': True, '202305': True, '202306': True, '202307': True, '202308': True, '202309': True, '202310': True, '202311': True, '202312': True, '202401': True, '202402': True, '202403': True, '202404': True, '202405': True, '202406': True, '202407': True, '202408': True, '202409': True}"
com.espn.score.center,ESPN,Disney,https://play.google.com/store/apps/details?id=com.espn.score_center&hl=en&gl=us,"[{'name': 'Sports', 'id': 'SPORTS'}]","50,000,000+",192786,42,"{'201708': False, '201709': False, '201710': False, '201711': False, '201712': False, '201801': False, '201802': False, '201803': False, '201804': False, '201805': False, '201806': False, '201807': False, '201808': False, '201809': False, '201810': False, '201811': False, '201812': False, '201901': False, '201902': False, '201903': False, '201904': False, '201905': False, '201906': False, '201907': False, '201908': False, '201909': False, '201910': False, '201911': False, '201912': False, '202001': False, '202002': False, '202003': False, '202004': False, '202005': False, '202006': False, '202007': False, '202008': False, '202009': False, '202010': False, '202011': False, '202012': True, '202101': True, '202102': True, '202103': True, '202104': True, '202105': True, '202106': False, '202107': False, '202108': True, '202109': True, '202110': True, '202111': True, '202112': True, '202201': True, '202202': True, '202203': True, '202204': True, '202205': True, '202206': True, '202207': True, '202208': True, '202209': True, '202210': True, '202211': True, '202212': True, '202301': True, '202302': True, '202303': True, '202304': True, '202305': True, '202306': True, '202307': True, '202308': True, '202309': True, '202310': True, '202311': True, '202312': True, '202401': True, '202402': True, '202403': True, '202404': True, '202405': True, '202406': True, '202407': True, '202408': False, '202409': False}",https://disneyprivacycenter.com/,75,"{'201708': True, '201709': False, '201710': True, '201711': True, '201712': False, '201801': True, '201802': False, '201803': True, '201804': False, '201805': False, '201806': False, '201807': False, '201808': False, '201809': False, '201810': False, '201811': False, '201812': True, '201901': True, '201902': True, '201903': True, '201904': True, '201905': True, '201906': True, '201907': True, '201908': True, '201909': True, '201910': True, '201911': True, '201912': True, '202001': True, '202002': True, '202003': True, '202004': True, '202005': True, '202006': True, '202007': True, '202008': True, '202009': True, '202010': True, '202011': True, '202012': True, '202101': True, '202102': True, '202103': True, '202104': True, '202105': True, '202106': True, '202107': True, '202108': True, '202109': True, '202110': True, '202111': True, '202112': True, '202201': True, '202202': True, '202203': True, '202204': True, '202205': True, '202206': True, '202207': True, '202208': True, '202209': True, '202210': True, '202211': True, '202212': True, '202301': True, '202302': True, '202303': True, '202304': True, '202305': True, '202306': True, '202307': True, '202308': True, '202309': True, '202310': True, '202311': True, '202312': True, '202401': True, '202402': True, '202403': True, '202404': True, '202405': True, '202406': True, '202407': True, '202408': True, '202409': True}"
com.facebook.katana,Facebook,"Meta Platforms, Inc.",https://play.google.com/store/apps/details?id=com.facebook.katana&hl=en&gl=us,"[{'name': 'Social', 'id': 'SOCIAL'}]","5,000,000,000+",4255635,63,"{'201708': False, '201709': False, '201710': False, '201711': False, '201712': False, '201801': False, '201802': False, '201803': False, '201804': False, '201805': True, '201806': True, '201807': True, '201808': True, '201809': True, '201810': True, '201811': True, '201812': True, '201901': True, '201902': True, '201903': True, '201904': True, '201905': True, '201906': True, '201907': True, '201908': True, '201909': True, '201910': True, '201911': True, '201912': True, '202001': True, '202002': True, '202003': True, '202004': True, '202005': True, '202006': True, '202007': True, '202008': True, '202009': True, '202010': True, '202011': True, '202012': True, '202101': True, '202102': True, '202103': True, '202104': True, '202105': True, '202106': True, '202107': False, '202108': True, '202109': True, '202110': False, '202111': True, '202112': True, '202201': False, '202202': True, '202203': True, '202204': False, '202205': True, '202206': True, '202207': True, '202208': False, '202209': True, '202210': True, '202211': True, '202212': True, '202301': True, '202302': True, '202303': True, '202304': False, '202305': True, '202306': True, '202307': False, '202308': False, '202309': False, '202310': False, '202311': False, '202312': False, '202401': False, '202402': True, '202403': True, '202404': True, '202405': True, '202406': True, '202407': False, '202408': True, '202409': True}",https://www.facebook.com/about/privacy/,86,"{'201708': True, '201709': True, '201710': True, '201711': True, '201712': True, '201801': True, '201802': True, '201803': True, '201804': True, '201805': True, '201806': True, '201807': True, '201808': True, '201809': True, '201810': True, '201811': True, '201812': True, '201901': True, '201902': True, '201903': True, '201904': True, '201905': True, '201906': True, '201907': True, '201908': True, '201909': True, '201910': True, '201911': True, '201912': True, '202001': True, '202002': True, '202003': True, '202004': True, '202005': True, '202006': True, '202007': True, '202008': True, '202009': True, '202010': True, '202011': True, '202012': True, '202101': True, '202102': True, '202103': True, '202104': True, '202105': True, '202106': True, '202107': True, '202108': True, '202109': True, '202110': True, '202111': True, '202112': True, '202201': True, '202202': True, '202203': True, '202204': True, '202205': True, '202206': True, '202207': True, '202208': True, '202209': True, '202210': True, '202211': True, '202212': True, '202301': True, '202302': True, '202303': True, '202304': True, '202305': True, '202306': True, '202307': True, '202308': True, '202309': True, '202310': True, '202311': True, '202312': True, '202401': True, '202402': True, '202403': True, '202404': True, '202405': True, '202406': True, '202407': True, '202408': True, '202409': True}"
com.facebook.lite,Facebook Lite,"Meta Platforms, Inc.",https://play.google.com/store/apps/details?id=com.facebook.lite&hl=en&gl=us,"[{'name': 'Social', 'id': 'SOCIAL'}]","1,000,000,000+",120576,86,"{'201708': True, '201709': True, '201710': True, '201711': True, '201712': True, '201801': True, '201802': True, '201803': True, '201804': True, '201805': True, '201806': True, '201807': True, '201808': True, '201809': True, '201810': True, '201811': True, '201812': True, '201901': True, '201902': True, '201903': True, '201904': True, '201905': True, '201906': True, '201907': True, '201908': True, '201909': True, '201910': True, '201911': True, '201912': True, '202001': True, '202002': True, '202003': True, '202004': True, '202005': True, '202006': True, '202007': True, '202008': True, '202009': True, '202010': True, '202011': True, '202012': True, '202101': True, '202102': True, '202103': True, '202104': True, '202105': True, '202106': True, '202107': True, '202108': True, '202109': True, '202110': True, '202111': True, '202112': True, '202201': True, '202202': True, '202203': True, '202204': True, '202205': True, '202206': True, '202207': True, '202208': True, '202209': True, '202210': True, '202211': True, '202212': True, '202301': True, '202302': True, '202303': True, '202304': True, '202305': True, '202306': True, '202307': True, '202308': True, '202309': True, '202310': True, '202311': True, '202312': True, '202401': True, '202402': True, '202403': True, '202404': True, '202405': True, '202406': True, '202407': True, '202408': True, '202409': True}",https://www.facebook.com/about/privacy/,86,"{'201708': True, '201709': True, '201710': True, '201711': True, '201712': True, '201801': True, '201802': True, '201803': True, '201804': True, '201805': True, '201806': True, '201807': True, '201808': True, '201809': True, '201810': True, '201811': True, '201812': True, '201901': True, '201902': True, '201903': True, '201904': True, '201905': True, '201906': True, '201907': True, '201908': True, '201909': True, '201910': True, '201911': True, '201912': True, '202001': True, '202002': True, '202003': True, '202004': True, '202005': True, '202006': True, '202007': True, '202008': True, '202009': True, '202010': True, '202011': True, '202012': True, '202101': True, '202102': True, '202103': True, '202104': True, '202105': True, '202106': True, '202107': True, '202108': True, '202109': True, '202110': True, '202111': True, '202112': True, '202201': True, '202202': True, '202203': True, '202204': True, '202205': True, '202206': True, '202207': True, '202208': True, '202209': True, '202210': True, '202211': True, '202212': True, '202301': True, '202302': True, '202303': True, '202304': True, '202305': True, '202306': True, '202307': True, '202308': True, '202309': True, '202310': True, '202311': True, '202312': True, '202401': True, '202402': True, '202403': True, '202404': True, '202405': True, '202406': True, '202407': True, '202408': True, '202409': True}"
com.facebook.orca,Messenger,"Meta Platforms, Inc.",https://play.google.com/store/apps/details?id=com.facebook.orca&hl=en&gl=us,"[{'name': 'Communication', 'id': 'COMMUNICATION'}]","5,000,000,000+",2422815,84,"{'201708': False, '201709': False, '201710': True, '201711': True, '201712': True, '201801': True, '201802': True, '201803': True, '201804': True, '201805': True, '201806': True, '201807': True, '201808': True, '201809': True, '201810': True, '201811': True, '201812': True, '201901': True, '201902': True, '201903': True, '201904': True, '201905': True, '201906': True, '201907': True, '201908': True, '201909': True, '201910': True, '201911': True, '201912': True, '202001': True, '202002': True, '202003': True, '202004': True, '202005': True, '202006': True, '202007': True, '202008': True, '202009': True, '202010': True, '202011': True, '202012': True, '202101': True, '202102': True, '202103': True, '202104': True, '202105': True, '202106': True, '202107': True, '202108': True, '202109': True, '202110': True, '202111': True, '202112': True, '202201': True, '202202': True, '202203': True, '202204': True, '202205': True, '202206': True, '202207': True, '202208': True, '202209': True, '202210': True, '202211': True, '202212': True, '202301': True, '202302': True, '202303': True, '202304': True, '202305': True, '202306': True, '202307': True, '202308': True, '202309': True, '202310': True, '202311': True, '202312': True, '202401': True, '202402': True, '202403': True, '202404': True, '202405': True, '202406': True, '202407': True, '202408': True, '202409': True}",https://m.facebook.com/policy.php,45,"{'201708': True, '201709': False, '201710': True, '201711': True, '201712': False, '201801': False, '201802': True, '201803': True, '201804': True, '201805': False, '201806': True, '201807': False, '201808': False, '201809': False, '201810': False, '201811': False, '201812': False, '201901': False, '201902': True, '201903': True, '201904': True, '201905': False, '201906': True, '201907': False, '201908': False, '201909': True, '201910': False, '201911': False, '201912': False, '202001': True, '202002': True, '202003': True, '202004': False, '202005': True, '202006': True, '202007': False, '202008': False, '202009': False, '202010': True, '202011': True, '202012': True, '202101': True, '202102': True, '202103': True, '202104': True, '202105': True, '202106': True, '202107': True, '202108': True, '202109': False, '202110': True, '202111': True, '202112': False, '202201': True, '202202': True, '202203': True, '202204': True, '202205': False, '202206': False, '202207': True, '202208': True, '202209': True, '202210': True, '202211': False, '202212': False, '202301': False, '202302': True, '202303': True, '202304': True, '202305': True, '202306': False, '202307': False, '202308': False, '202309': False, '202310': False, '202311': False, '202312': False, '202401': True, '202402': False, '202403': False, '202404': False, '202405': True, '202406': False, '202407': False, '202408': False, '202409': True}"
com.fanduel.sportsbook,FanDuel Sportsbook & Casino,FanDuel,https://play.google.com/store/apps/details?id=com.fanduel.sportsbook&hl=en&gl=us,"[{'name': 'Sports', 'id': 'SPORTS'}]","5,000,000+",14226,34,"{'201708': False, '201709': False, '201710': False, '201711': False, '201712': False, '201801': False, '201802': False, '201803': False, '201804': False, '201805': False, '201806': False, '201807': False, '201808': False, '201809': False, '201810': False, '201811': False, '201812': False, '201901': False, '201902': False, '201903': False, '201904': False, '201905': False, '201906': False, '201907': False, '201908': False, '201909': False, '201910': False, '201911': False, '201912': False, '202001': False, '202002': False, '202003': False, '202004': False, '202005': False, '202006': False, '202007': False, '202008': False, '202009': False, '202010': False, '202011': False, '202012': False, '202101': False, '202102': False, '202103': False, '202104': False, '202105': False, '202106': False, '202107': False, '202108': False, '202109': False, '202110': False, '202111': True, '202112': True, '202201': True, '202202': True, '202203': True, '202204': True, '202205': True, '202206': True, '202207': True, '202208': True, '202209': True, '202210': True, '202211': True, '202212': True, '202301': True, '202302': True, '202303': True, '202304': True, '202305': True, '202306': True, '202307': True, '202308': True, '202309': True, '202310': True, '202311': True, '202312': True, '202401': True, '202402': True, '202403': True, '202404': True, '202405': False, '202406': True, '202407': True, '202408': True, '202409': True}",https://www.fanduel.com/fanduel-sportsbook-privacy-policy,7,"{'201708': False, '201709': False, '201710': False, '201711': False, '201712': False, '201801': False, '201802': False, '201803': False, '201804': False, '201805': False, '201806': False, '201807': False, '201808': False, '201809': False, '201810': False, '201811': False, '201812': False, '201901': False, '201902': False, '201903': False, '201904': False, '201905': False, '201906': False, '201907': False, '201908': False, '201909': False, '201910': False, '201911': False, '201912': False, '202001': False, '202002': False, '202003': False, '202004': False, '202005': False, '202006': False, '202007': False, '202008': False, '202009': False, '202010': False, '202011': False, '202012': False, '202101': False, '202102': False, '202103': False, '202104': False, '202105': False, '202106': False, '202107': False, '202108': False, '202109': False, '202110': False, '202111': False, '202112': False, '202201': False, '202202': False, '202203': False, '202204': False, '202205': False, '202206': False, '202207': False, '202208': False, '202209': False, '202210': False, '202211': False, '202212': False, '202301': False, '202302': True, '202303': False, '202304': True, '202305': False, '202306': False, '202307': False, '202308': False, '202309': False, '202310': False, '202311': False, '202312': True, '202401': True, '202402': True, '202403': False, '202404': True, '202405': True, '202406': False, '202407': False, '202408': False, '202409': False}"
com.fetchrewards.fetchrewards.hop,Fetch: Americas Rewards App,Fetch Rewards,https://play.google.com/store/apps/details?id=com.fetchrewards.fetchrewards.hop&hl=en&gl=us,"[{'name': 'Shopping', 'id': 'SHOPPING'}]","10,000,000+",252186,35,"{'201708': False, '201709': False, '201710': False, '201711': False, '201712': False, '201801': False, '201802': False, '201803': False, '201804': False, '201805': False, '201806': False, '201807': False, '201808': False, '201809': False, '201810': False, '201811': False, '201812': False, '201901': False, '201902': False, '201903': False, '201904': False, '201905': False, '201906': False, '201907': False, '201908': False, '201909': False, '201910': False, '201911': False, '201912': False, '202001': False, '202002': False, '202003': False, '202004': False, '202005': False, '202006': False, '202007': False, '202008': False, '202009': False, '202010': False, '202011': False, '202012': False, '202101': False, '202102': False, '202103': False, '202104': False, '202105': False, '202106': False, '202107': False, '202108': False, '202109': True, '202110': True, '202111': True, '202112': True, '202201': True, '202202': True, '202203': True, '202204': True, '202205': True, '202206': True, '202207': True, '202208': True, '202209': True, '202210': True, '202211': True, '202212': True, '202301': True, '202302': True, '202303': True, '202304': True, '202305': True, '202306': True, '202307': True, '202308': True, '202309': True, '202310': True, '202311': True, '202312': True, '202401': True, '202402': True, '202403': True, '202404': True, '202405': True, '202406': True, '202407': True, '202408': False, '202409': False}",http://www.fetchrewards.com/privacy.jsp,25,"{'201708': False, '201709': False, '201710': False, '201711': False, '201712': False, '201801': True, '201802': False, '201803': True, '201804': False, '201805': False, '201806': True, '201807': False, '201808': True, '201809': False, '201810': True, '201811': False, '201812': True, '201901': False, '201902': True, '201903': False, '201904': True, '201905': False, '201906': True, '201907': False, '201908': True, '201909': False, '201910': False, '201911': False, '201912': True, '202001': False, '202002': True, '202003': False, '202004': True, '202005': True, '202006': True, '202007': False, '202008': False, '202009': True, '202010': True, '202011': True, '202012': True, '202101': True, '202102': False, '202103': True, '202104': True, '202105': True, '202106': False, '202107': False, '202108': False, '202109': False, '202110': False, '202111': True, '202112': False, '202201': False, '202202': False, '202203': False, '202204': False, '202205': False, '202206': False, '202207': False, '202208': False, '202209': False, '202210': False, '202211': False, '202212': False, '202301': True, '202302': False, '202303': False, '202304': False, '202305': False, '202306': False, '202307': False, '202308': False, '202309': False, '202310': False, '202311': False, '202312': False, '202401': False, '202402': False, '202403': False, '202404': False, '202405': False, '202406': False, '202407': False, '202408': False, '202409': False}"
com.fubo.firetv.screen,Fubo: Watch Live TV & Sports,fuboTV,https://play.google.com/store/apps/details?id=com.fubo.firetv.screen&hl=en&gl=us,"[{'name': 'Sports', 'id': 'SPORTS'}]","1,000,000+",178,60,"{'201708': False, '201709': False, '201710': False, '201711': False, '201712': False, '201801': False, '201802': False, '201803': True, '201804': False, '201805': False, '201806': False, '201807': True, '201808': True, '201809': True, '201810': True, '201811': True, '201812': True, '201901': False, '201902': True, '201903': True, '201904': True, '201905': True, '201906': True, '201907': True, '201908': True, '201909': True, '201910': True, '201911': True, '201912': True, '202001': True, '202002': True, '202003': True, '202004': True, '202005': True, '202006': True, '202007': True, '202008': True, '202009': True, '202010': True, '202011': True, '202012': False, '202101': True, '202102': True, '202103': True, '202104': True, '202105': True, '202106': True, '202107': True, '202108': False, '202109': True, '202110': True, '202111': True, '202112': True, '202201': True, '202202': False, '202203': True, '202204': True, '202205': True, '202206': True, '202207': True, '202208': True, '202209': True, '202210': False, '202211': False, '202212': True, '202301': True, '202302': True, '202303': True, '202304': False, '202305': True, '202306': True, '202307': False, '202308': False, '202309': False, '202310': False, '202311': False, '202312': False, '202401': True, '202402': True, '202403': True, '202404': True, '202405': True, '202406': True, '202407': False, '202408': False, '202409': False}",http://www.fubo.tv/documents/privacy-policy,15,"{'201708': False, '201709': False, '201710': False, '201711': False, '201712': False, '201801': False, '201802': False, '201803': False, '201804': False, '201805': False, '201806': False, '201807': False, '201808': False, '201809': False, '201810': False, '201811': False, '201812': False, '201901': False, '201902': False, '201903': False, '201904': True, '201905': False, '201906': True, '201907': False, '201908': False, '201909': False, '201910': True, '201911': False, '201912': False, '202001': False, '202002': False, '202003': False, '202004': False, '202005': False, '202006': False, '202007': False, '202008': False, '202009': False, '202010': False, '202011': True, '202012': False, '202101': False, '202102': True, '202103': False, '202104': False, '202105': False, '202106': True, '202107': False, '202108': False, '202109': False, '202110': False, '202111': False, '202112': False, '202201': False, '202202': False, '202203': False, '202204': False, '202205': False, '202206': False, '202207': False, '202208': False, '202209': False, '202210': True, '202211': False, '202212': False, '202301': False, '202302': False, '202303': True, '202304': False, '202305': True, '202306': True, '202307': True, '202308': True, '202309': True, '202310': False, '202311': True, '202312': False, '202401': False, '202402': False, '202403': False, '202404': False, '202405': False, '202406': False, '202407': False, '202408': True, '202409': False}"
com.google.android.apps.messaging,Google Messages,Google LLC,https://play.google.com/store/apps/details?id=com.google.android.apps.messaging&hl=en&gl=us,"[{'name': 'Communication', 'id': 'COMMUNICATION'}]","5,000,000,000+",519486,80,"{'201708': True, '201709': True, '201710': True, '201711': True, '201712': True, '201801': True, '201802': True, '201803': True, '201804': True, '201805': True, '201806': True, '201807': True, '201808': True, '201809': True, '201810': True, '201811': True, '201812': True, '201901': False, '201902': True, '201903': True, '201904': True, '201905': True, '201906': True, '201907': True, '201908': True, '201909': True, '201910': True, '201911': True, '201912': False, '202001': True, '202002': True, '202003': False, '202004': False, '202005': False, '202006': True, '202007': True, '202008': True, '202009': True, '202010': True, '202011': True, '202012': False, '202101': True, '202102': True, '202103': True, '202104': True, '202105': True, '202106': True, '202107': True, '202108': True, '202109': True, '202110': True, '202111': True, '202112': True, '202201': True, '202202': True, '202203': True, '202204': True, '202205': True, '202206': True, '202207': True, '202208': True, '202209': True, '202210': True, '202211': True, '202212': True, '202301': True, '202302': True, '202303': True, '202304': True, '202305': True, '202306': True, '202307': True, '202308': True, '202309': True, '202310': True, '202311': True, '202312': True, '202401': True, '202402': True, '202403': True, '202404': True, '202405': True, '202406': True, '202407': True, '202408': True, '202409': True}",http://www.google.com/policies/privacy,86,"{'201708': True, '201709': True, '201710': True, '201711': True, '201712': True, '201801': True, '201802': True, '201803': True, '201804': True, '201805': True, '201806': True, '201807': True, '201808': True, '201809': True, '201810': True, '201811': True, '201812': True, '201901': True, '201902': True, '201903': True, '201904': True, '201905': True, '201906': True, '201907': True, '201908': True, '201909': True, '201910': True, '201911': True, '201912': True, '202001': True, '202002': True, '202003': True, '202004': True, '202005': True, '202006': True, '202007': True, '202008': True, '202009': True, '202010': True, '202011': True, '202012': True, '202101': True, '202102': True, '202103': True, '202104': True, '202105': True, '202106': True, '202107': True, '202108': True, '202109': True, '202110': True, '202111': True, '202112': True, '202201': True, '202202': True, '202203': True, '202204': True, '202205': True, '202206': True, '202207': True, '202208': True, '202209': True, '202210': True, '202211': True, '202212': True, '202301': True, '202302': True, '202303': True, '202304': True, '202305': True, '202306': True, '202307': True, '202308': True, '202309': True, '202310': True, '202311': True, '202312': True, '202401': True, '202402': True, '202403': True, '202404': True, '202405': True, '202406': True, '202407': True, '202408': True, '202409': True}"
com.google.android.apps.translate,Google Translate,Google LLC,https://play.google.com/store/apps/details?id=com.google.android.apps.translate&hl=en&gl=us,"[{'name': 'Tools', 'id': 'TOOLS'}]","1,000,000,000+",186956,72,"{'201708': True, '201709': True, '201710': False, '201711': True, '201712': True, '201801': False, '201802': True, '201803': True, '201804': True, '201805': True, '201806': True, '201807': False, '201808': True, '201809': True, '201810': True, '201811': True, '201812': False, '201901': False, '201902': True, '201903': True, '201904': True, '201905': True, '201906': False, '201907': True, '201908': True, '201909': True, '201910': True, '201911': False, '201912': True, '202001': False, '202002': True, '202003': True, '202004': False, '202005': True, '202006': True, '202007': True, '202008': True, '202009': True, '202010': True, '202011': True, '202012': False, '202101': True, '202102': True, '202103': True, '202104': False, '202105': True, '202106': False, '202107': True, '202108': True, '202109': True, '202110': True, '202111': True, '202112': True, '202201': True, '202202': True, '202203': True, '202204': True, '202205': True, '202206': True, '202207': True, '202208': True, '202209': True, '202210': True, '202211': True, '202212': True, '202301': False, '202302': True, '202303': True, '202304': True, '202305': False, '202306': True, '202307': True, '202308': True, '202309': True, '202310': True, '202311': True, '202312': True, '202401': True, '202402': True, '202403': True, '202404': True, '202405': True, '202406': True, '202407': True, '202408': True, '202409': True}",http://www.google.com/policies/privacy/,86,"{'201708': True, '201709': True, '201710': True, '201711': True, '201712': True, '201801': True, '201802': True, '201803': True, '201804': True, '201805': True, '201806': True, '201807': True, '201808': True, '201809': True, '201810': True, '201811': True, '201812': True, '201901': True, '201902': True, '201903': True, '201904': True, '201905': True, '201906': True, '201907': True, '201908': True, '201909': True, '201910': True, '201911': True, '201912': True, '202001': True, '202002': True, '202003': True, '202004': True, '202005': True, '202006': True, '202007': True, '202008': True, '202009': True, '202010': True, '202011': True, '202012': True, '202101': True, '202102': True, '202103': True, '202104': True, '202105': True, '202106': True, '202107': True, '202108': True, '202109': True, '202110': True, '202111': True, '202112': True, '202201': True, '202202': True, '202203': True, '202204': True, '202205': True, '202206': True, '202207': True, '202208': True, '202209': True, '202210': True, '202211': True, '202212': True, '202301': True, '202302': True, '202303': True, '202304': True, '202305': True, '202306': True, '202307': True, '202308': True, '202309': True, '202310': True, '202311': True, '202312': True, '202401': True, '202402': True, '202403': True, '202404': True, '202405': True, '202406': True, '202407': True, '202408': True, '202409': True}"
com.google.android.apps.walletnfcrel,Google Wallet,Google LLC,https://play.google.com/store/apps/details?id=com.google.android.apps.walletnfcrel&hl=en&gl=us,"[{'name': 'Finance', 'id': 'FINANCE'}]","1,000,000,000+",107196,24,"{'201708': False, '201709': False, '201710': False, '201711': False, '201712': False, '201801': False, '201802': False, '201803': False, '201804': False, '201805': False, '201806': False, '201807': False, '201808': False, '201809': False, '201810': False, '201811': False, '201812': False, '201901': False, '201902': False, '201903': False, '201904': False, '201905': False, '201906': False, '201907': False, '201908': False, '201909': False, '201910': False, '201911': False, '201912': False, '202001': False, '202002': False, '202003': False, '202004': False, '202005': False, '202006': False, '202007': False, '202008': False, '202009': False, '202010': False, '202011': False, '202012': False, '202101': False, '202102': False, '202103': False, '202104': False, '202105': False, '202106': False, '202107': False, '202108': False, '202109': False, '202110': False, '202111': False, '202112': False, '202201': False, '202202': False, '202203': False, '202204': False, '202205': False, '202206': False, '202207': True, '202208': True, '202209': True, '202210': True, '202211': True, '202212': True, '202301': False, '202302': True, '202303': True, '202304': True, '202305': True, '202306': True, '202307': True, '202308': True, '202309': True, '202310': True, '202311': True, '202312': True, '202401': True, '202402': True, '202403': True, '202404': True, '202405': True, '202406': True, '202407': True, '202408': False, '202409': False}",https://policies.google.com/privacy,78,"{'201708': False, '201709': False, '201710': False, '201711': False, '201712': False, '201801': False, '201802': False, '201803': False, '201804': True, '201805': True, '201806': True, '201807': True, '201808': True, '201809': True, '201810': True, '201811': True, '201812': True, '201901': True, '201902': True, '201903': True, '201904': True, '201905': True, '201906': True, '201907': True, '201908': True, '201909': True, '201910': True, '201911': True, '201912': True, '202001': True, '202002': True, '202003': True, '202004': True, '202005': True, '202006': True, '202007': True, '202008': True, '202009': True, '202010': True, '202011': True, '202012': True, '202101': True, '202102': True, '202103': True, '202104': True, '202105': True, '202106': True, '202107': True, '202108': True, '202109': True, '202110': True, '202111': True, '202112': True, '202201': True, '202202': True, '202203': True, '202204': True, '202205': True, '202206': True, '202207': True, '202208': True, '202209': True, '202210': True, '202211': True, '202212': True, '202301': True, '202302': True, '202303': True, '202304': True, '202305': True, '202306': True, '202307': True, '202308': True, '202309': True, '202310': True, '202311': True, '202312': True, '202401': True, '202402': True, '202403': True, '202404': True, '202405': True, '202406': True, '202407': True, '202408': True, '202409': True}"
com.education.android.h.intelligence,Gauth: AI Study Companion,GauthTech Pte. Ltd.,https://play.google.com/store/apps/details?id=com.education.android.h.intelligence&hl=en&gl=us,"[{'name': 'Education', 'id': 'EDUCATION'}]","10,000,000+",14709,26,"{'201708': False, '201709': False, '201710': False, '201711': False, '201712': False, '201801': False, '201802': False, '201803': False, '201804': False, '201805': False, '201806': False, '201807': False, '201808': False, '201809': False, '201810': False, '201811': False, '201812': False, '201901': False, '201902': False, '201903': False, '201904': False, '201905': False, '201906': False, '201907': False, '201908': False, '201909': False, '201910': False, '201911': False, '201912': False, '202001': False, '202002': False, '202003': False, '202004': False, '202005': False, '202006': False, '202007': False, '202008': False, '202009': False, '202010': False, '202011': False, '202012': False, '202101': False, '202102': False, '202103': False, '202104': False, '202105': False, '202106': False, '202107': False, '202108': False, '202109': False, '202110': False, '202111': False, '202112': False, '202201': False, '202202': False, '202203': False, '202204': False, '202205': False, '202206': True, '202207': True, '202208': True, '202209': True, '202210': True, '202211': True, '202212': True, '202301': True, '202302': True, '202303': True, '202304': True, '202305': True, '202306': True, '202307': True, '202308': True, '202309': True, '202310': True, '202311': True, '202312': True, '202401': True, '202402': True, '202403': True, '202404': True, '202405': True, '202406': True, '202407': True, '202408': False, '202409': False}",http://www.gauthmath.com/policy,26,"{'201708': False, '201709': False, '201710': False, '201711': False, '201712': False, '201801': False, '201802': False, '201803': False, '201804': False, '201805': False, '201806': False, '201807': False, '201808': False, '201809': False, '201810': False, '201811': False, '201812': False, '201901': False, '201902': False, '201903': False, '201904': False, '201905': False, '201906': False, '201907': False, '201908': False, '201909': False, '201910': False, '201911': False, '201912': False, '202001': False, '202002': False, '202003': False, '202004': False, '202005': False, '202006': False, '202007': False, '202008': False, '202009': False, '202010': False, '202011': False, '202012': False, '202101': False, '202102': False, '202103': False, '202104': False, '202105': True, '202106': True, '202107': True, '202108': False, '202109': True, '202110': True, '202111': False, '202112': False, '202201': True, '202202': False, '202203': False, '202204': False, '202205': True, '202206': False, '202207': False, '202208': True, '202209': False, '202210': True, '202211': True, '202212': False, '202301': False, '202302': False, '202303': True, '202304': True, '202305': False, '202306': True, '202307': True, '202308': False, '202309': False, '202310': True, '202311': True, '202312': True, '202401': True, '202402': True, '202403': True, '202404': True, '202405': True, '202406': True, '202407': True, '202408': True, '202409': True}"
com.hulu.plus,Hulu: Stream TV shows & movies,Disney,https://play.google.com/store/apps/details?id=com.hulu.plus&hl=en&gl=us,"[{'name': 'Entertainment', 'id': 'ENTERTAINMENT'}]","50,000,000+",209947,73,"{'201708': True, '201709': True, '201710': True, '201711': True, '201712': True, '201801': True, '201802': True, '201803': True, '201804': True, '201805': True, '201806': True, '201807': True, '201808': True, '201809': True, '201810': True, '201811': True, '201812': True, '201901': True, '201902': True, '201903': True, '201904': True, '201905': True, '201906': True, '201907': True, '201908': True, '201909': True, '201910': True, '201911': True, '201912': True, '202001': True, '202002': True, '202003': True, '202004': False, '202005': True, '202006': True, '202007': True, '202008': True, '202009': True, '202010': True, '202011': True, '202012': True, '202101': True, '202102': True, '202103': True, '202104': True, '202105': True, '202106': True, '202107': True, '202108': True, '202109': True, '202110': True, '202111': True, '202112': True, '202201': True, '202202': True, '202203': True, '202204': True, '202205': True, '202206': True, '202207': True, '202208': False, '202209': True, '202210': False, '202211': True, '202212': False, '202301': True, '202302': False, '202303': True, '202304': False, '202305': True, '202306': False, '202307': True, '202308': True, '202309': True, '202310': False, '202311': True, '202312': False, '202401': False, '202402': False, '202403': False, '202404': True, '202405': True, '202406': True, '202407': True, '202408': True, '202409': False}",https://www.hulu.com/privacy,85,"{'201708': True, '201709': True, '201710': True, '201711': True, '201712': True, '201801': True, '201802': True, '201803': True, '201804': True, '201805': True, '201806': True, '201807': True, '201808': True, '201809': True, '201810': False, '201811': True, '201812': True, '201901': True, '201902': True, '201903': True, '201904': True, '201905': True, '201906': True, '201907': True, '201908': True, '201909': True, '201910': True, '201911': True, '201912': True, '202001': True, '202002': True, '202003': True, '202004': True, '202005': True, '202006': True, '202007': True, '202008': True, '202009': True, '202010': True, '202011': True, '202012': True, '202101': True, '202102': True, '202103': True, '202104': True, '202105': True, '202106': True, '202107': True, '202108': True, '202109': True, '202110': True, '202111': True, '202112': True, '202201': True, '202202': True, '202203': True, '202204': True, '202205': True, '202206': True, '202207': True, '202208': True, '202209': True, '202210': True, '202211': True, '202212': True, '202301': True, '202302': True, '202303': True, '202304': True, '202305': True, '202306': True, '202307': True, '202308': True, '202309': True, '202310': True, '202311': True, '202312': True, '202401': True, '202402': True, '202403': True, '202404': True, '202405': True, '202406': True, '202407': True, '202408': True, '202409': True}"
com.indeed.android.jobsearch,Indeed Job Search,Indeed Jobs,https://play.google.com/store/apps/details?id=com.indeed.android.jobsearch&hl=en&gl=us,"[{'name': 'Business', 'id': 'BUSINESS'}]","100,000,000+",207484,70,"{'201708': True, '201709': True, '201710': False, '201711': True, '201712': False, '201801': True, '201802': False, '201803': False, '201804': False, '201805': True, '201806': False, '201807': False, '201808': True, '201809': True, '201810': False, '201811': False, '201812': False, '201901': False, '201902': True, '201903': False, '201904': True, '201905': True, '201906': True, '201907': True, '201908': False, '201909': False, '201910': True, '201911': True, '201912': True, '202001': True, '202002': True, '202003': True, '202004': True, '202005': True, '202006': True, '202007': True, '202008': True, '202009': True, '202010': True, '202011': True, '202012': True, '202101': True, '202102': True, '202103': True, '202104': True, '202105': True, '202106': True, '202107': True, '202108': True, '202109': True, '202110': True, '202111': True, '202112': True, '202201': True, '202202': True, '202203': True, '202204': True, '202205': True, '202206': True, '202207': True, '202208': True, '202209': True, '202210': True, '202211': True, '202212': True, '202301': True, '202302': True, '202303': True, '202304': True, '202305': True, '202306': True, '202307': True, '202308': True, '202309': True, '202310': True, '202311': True, '202312': True, '202401': True, '202402': True, '202403': True, '202404': True, '202405': True, '202406': True, '202407': True, '202408': False, '202409': False}",https://www.indeed.com/legal,0,"{'201708': False, '201709': False, '201710': False, '201711': False, '201712': False, '201801': False, '201802': False, '201803': False, '201804': False, '201805': False, '201806': False, '201807': False, '201808': False, '201809': False, '201810': False, '201811': False, '201812': False, '201901': False, '201902': False, '201903': False, '201904': False, '201905': False, '201906': False, '201907': False, '201908': False, '201909': False, '201910': False, '201911': False, '201912': False, '202001': False, '202002': False, '202003': False, '202004': False, '202005': False, '202006': False, '202007': False, '202008': False, '202009': False, '202010': False, '202011': False, '202012': False, '202101': False, '202102': False, '202103': False, '202104': False, '202105': False, '202106': False, '202107': False, '202108': False, '202109': False, '202110': False, '202111': False, '202112': False, '202201': False, '202202': False, '202203': False, '202204': False, '202205': False, '202206': False, '202207': False, '202208': False, '202209': False, '202210': False, '202211': False, '202212': False, '202301': False, '202302': False, '202303': False, '202304': False, '202305': False, '202306': False, '202307': False, '202308': False, '202309': False, '202310': False, '202311': False, '202312': False, '202401': False, '202402': False, '202403': False, '202404': False, '202405': False, '202406': False, '202407': False, '202408': False, '202409': False}"
com.instabridge.android,Instabridge: WiFi Map,Degoo Backup AB - Cloud,https://play.google.com/store/apps/details?id=com.instabridge.android&hl=en&gl=us,"[{'name': 'Productivity', 'id': 'PRODUCTIVITY'}]","100,000,000+",29542,65,"{'201708': False, '201709': False, '201710': False, '201711': False, '201712': False, '201801': False, '201802': False, '201803': False, '201804': False, '201805': False, '201806': False, '201807': False, '201808': False, '201809': True, '201810': True, '201811': True, '201812': False, '201901': False, '201902': True, '201903': False, '201904': True, '201905': True, '201906': True, '201907': True, '201908': True, '201909': True, '201910': True, '201911': True, '201912': True, '202001': True, '202002': True, '202003': True, '202004': True, '202005': True, '202006': True, '202007': True, '202008': True, '202009': True, '202010': False, '202011': True, '202012': True, '202101': True, '202102': True, '202103': True, '202104': True, '202105': True, '202106': True, '202107': True, '202108': True, '202109': True, '202110': True, '202111': True, '202112': True, '202201': True, '202202': True, '202203': True, '202204': True, '202205': True, '202206': True, '202207': True, '202208': True, '202209': True, '202210': True, '202211': True, '202212': True, '202301': False, '202302': False, '202303': True, '202304': True, '202305': True, '202306': True, '202307': True, '202308': True, '202309': True, '202310': True, '202311': True, '202312': True, '202401': True, '202402': True, '202403': True, '202404': True, '202405': True, '202406': True, '202407': True, '202408': False, '202409': False}",https://instabridge.com/privacy-policy/,35,"{'201708': False, '201709': False, '201710': False, '201711': False, '201712': False, '201801': False, '201802': False, '201803': True, '201804': False, '201805': False, '201806': False, '201807': False, '201808': False, '201809': False, '201810': False, '201811': False, '201812': False, '201901': False, '201902': False, '201903': False, '201904': False, '201905': True, '201906': False, '201907': False, '201908': False, '201909': False, '201910': False, '201911': False, '201912': False, '202001': False, '202002': False, '202003': False, '202004': False, '202005': False, '202006': False, '202007': False, '202008': False, '202009': False, '202010': False, '202011': True, '202012': False, '202101': False, '202102': True, '202103': False, '202104': True, '202105': True, '202106': True, '202107': True, '202108': True, '202109': True, '202110': True, '202111': False, '202112': True, '202201': True, '202202': False, '202203': True, '202204': False, '202205': True, '202206': True, '202207': False, '202208': True, '202209': True, '202210': False, '202211': True, '202212': True, '202301': False, '202302': True, '202303': True, '202304': False, '202305': False, '202306': True, '202307': True, '202308': False, '202309': True, '202310': False, '202311': True, '202312': True, '202401': True, '202402': False, '202403': True, '202404': True, '202405': True, '202406': True, '202407': True, '202408': True, '202409': True}"
com.instagram.android,Instagram,Instagram,https://play.google.com/store/apps/details?id=com.instagram.android&hl=en&gl=us,"[{'name': 'Social', 'id': 'SOCIAL'}]","5,000,000,000+",4535909,59,"{'201708': False, '201709': False, '201710': False, '201711': False, '201712': False, '201801': False, '201802': False, '201803': False, '201804': False, '201805': False, '201806': False, '201807': False, '201808': False, '201809': False, '201810': False, '201811': False, '201812': False, '201901': False, '201902': False, '201903': False, '201904': False, '201905': False, '201906': False, '201907': False, '201908': False, '201909': False, '201910': False, '201911': True, '201912': True, '202001': True, '202002': True, '202003': True, '202004': True, '202005': True, '202006': True, '202007': True, '202008': True, '202009': True, '202010': True, '202011': True, '202012': True, '202101': True, '202102': True, '202103': True, '202104': True, '202105': True, '202106': True, '202107': True, '202108': True, '202109': True, '202110': True, '202111': True, '202112': True, '202201': True, '202202': True, '202203': True, '202204': True, '202205': True, '202206': True, '202207': True, '202208': True, '202209': True, '202210': True, '202211': True, '202212': True, '202301': True, '202302': True, '202303': True, '202304': True, '202305': True, '202306': True, '202307': True, '202308': True, '202309': True, '202310': True, '202311': True, '202312': True, '202401': True, '202402': True, '202403': True, '202404': True, '202405': True, '202406': True, '202407': True, '202408': True, '202409': True}",http://instagram.com/legal/privacy/,83,"{'201708': True, '201709': True, '201710': True, '201711': True, '201712': True, '201801': True, '201802': True, '201803': True, '201804': True, '201805': True, '201806': True, '201807': True, '201808': True, '201809': True, '201810': True, '201811': True, '201812': True, '201901': True, '201902': True, '201903': True, '201904': True, '201905': True, '201906': True, '201907': True, '201908': True, '201909': True, '201910': True, '201911': True, '201912': True, '202001': True, '202002': True, '202003': True, '202004': True, '202005': True, '202006': True, '202007': True, '202008': True, '202009': True, '202010': True, '202011': True, '202012': True, '202101': True, '202102': True, '202103': True, '202104': True, '202105': True, '202106': False, '202107': False, '202108': False, '202109': True, '202110': True, '202111': True, '202112': True, '202201': True, '202202': True, '202203': True, '202204': True, '202205': True, '202206': True, '202207': True, '202208': True, '202209': True, '202210': True, '202211': True, '202212': True, '202301': True, '202302': True, '202303': True, '202304': True, '202305': True, '202306': True, '202307': True, '202308': True, '202309': True, '202310': True, '202311': True, '202312': True, '202401': True, '202402': True, '202403': True, '202404': True, '202405': True, '202406': True, '202407': True, '202408': True, '202409': True}"
com.life360.android.safetymapd,Life360: Live Location Sharing,Life360,https://play.google.com/store/apps/details?id=com.life360.android.safetymapd&hl=en&gl=us,"[{'name': 'Lifestyle', 'id': 'LIFESTYLE'}]","100,000,000+",284619,70,"{'201708': False, '201709': False, '201710': False, '201711': False, '201712': False, '201801': False, '201802': False, '201803': False, '201804': False, '201805': False, '201806': True, '201807': True, '201808': True, '201809': True, '201810': True, '201811': True, '201812': True, '201901': True, '201902': True, '201903': True, '201904': True, '201905': True, '201906': True, '201907': True, '201908': True, '201909': True, '201910': True, '201911': True, '201912': True, '202001': True, '202002': True, '202003': True, '202004': True, '202005': True, '202006': True, '202007': True, '202008': True, '202009': True, '202010': True, '202011': True, '202012': True, '202101': True, '202102': True, '202103': True, '202104': True, '202105': True, '202106': True, '202107': False, '202108': True, '202109': True, '202110': True, '202111': False, '202112': True, '202201': True, '202202': True, '202203': True, '202204': True, '202205': True, '202206': True, '202207': False, '202208': True, '202209': True, '202210': True, '202211': True, '202212': True, '202301': True, '202302': True, '202303': True, '202304': True, '202305': True, '202306': False, '202307': True, '202308': True, '202309': True, '202310': True, '202311': True, '202312': True, '202401': True, '202402': True, '202403': True, '202404': True, '202405': True, '202406': True, '202407': True, '202408': False, '202409': False}",http://life360.com/privacy_policy,29,"{'201708': False, '201709': False, '201710': False, '201711': False, '201712': False, '201801': False, '201802': False, '201803': False, '201804': False, '201805': False, '201806': False, '201807': False, '201808': False, '201809': False, '201810': False, '201811': False, '201812': False, '201901': False, '201902': False, '201903': True, '201904': True, '201905': True, '201906': False, '201907': False, '201908': False, '201909': False, '201910': True, '201911': False, '201912': False, '202001': True, '202002': False, '202003': False, '202004': True, '202005': False, '202006': False, '202007': False, '202008': True, '202009': True, '202010': True, '202011': True, '202012': False, '202101': True, '202102': True, '202103': False, '202104': True, '202105': True, '202106': True, '202107': False, '202108': False, '202109': False, '202110': False, '202111': True, '202112': False, '202201': False, '202202': False, '202203': False, '202204': True, '202205': False, '202206': False, '202207': False, '202208': False, '202209': False, '202210': False, '202211': False, '202212': True, '202301': False, '202302': False, '202303': True, '202304': False, '202305': True, '202306': True, '202307': False, '202308': True, '202309': False, '202310': False, '202311': True, '202312': True, '202401': False, '202402': True, '202403': True, '202404': False, '202405': False, '202406': True, '202407': False, '202408': True, '202409': True}"
me.lyft.android,Lyft,"Lyft, Inc.",https://play.google.com/store/apps/details?id=me.lyft.android&hl=en&gl=us,"[{'name': 'Maps & Navigation', 'id': 'MAPS_AND_NAVIGATION'}]","50,000,000+",132004,84,"{'201708': True, '201709': True, '201710': True, '201711': True, '201712': True, '201801': True, '201802': True, '201803': True, '201804': True, '201805': True, '201806': True, '201807': True, '201808': True, '201809': True, '201810': True, '201811': True, '201812': True, '201901': True, '201902': True, '201903': True, '201904': True, '201905': True, '201906': True, '201907': True, '201908': True, '201909': True, '201910': True, '201911': True, '201912': True, '202001': True, '202002': True, '202003': True, '202004': True, '202005': True, '202006': True, '202007': True, '202008': True, '202009': True, '202010': True, '202011': True, '202012': True, '202101': True, '202102': True, '202103': True, '202104': True, '202105': True, '202106': True, '202107': True, '202108': True, '202109': True, '202110': True, '202111': True, '202112': True, '202201': True, '202202': True, '202203': True, '202204': True, '202205': True, '202206': True, '202207': True, '202208': True, '202209': True, '202210': True, '202211': True, '202212': True, '202301': True, '202302': True, '202303': True, '202304': True, '202305': True, '202306': True, '202307': True, '202308': True, '202309': True, '202310': True, '202311': True, '202312': True, '202401': True, '202402': True, '202403': True, '202404': True, '202405': True, '202406': True, '202407': True, '202408': False, '202409': False}",https://www.lyft.com/privacy,77,"{'201708': False, '201709': True, '201710': True, '201711': True, '201712': True, '201801': False, '201802': False, '201803': True, '201804': True, '201805': True, '201806': True, '201807': True, '201808': True, '201809': True, '201810': True, '201811': True, '201812': True, '201901': True, '201902': True, '201903': True, '201904': True, '201905': False, '201906': True, '201907': False, '201908': True, '201909': True, '201910': True, '201911': True, '201912': False, '202001': True, '202002': False, '202003': True, '202004': True, '202005': True, '202006': True, '202007': False, '202008': True, '202009': True, '202010': True, '202011': True, '202012': False, '202101': True, '202102': True, '202103': True, '202104': True, '202105': True, '202106': True, '202107': True, '202108': True, '202109': True, '202110': True, '202111': True, '202112': True, '202201': True, '202202': True, '202203': True, '202204': True, '202205': True, '202206': True, '202207': True, '202208': True, '202209': True, '202210': True, '202211': True, '202212': True, '202301': True, '202302': True, '202303': True, '202304': True, '202305': True, '202306': True, '202307': True, '202308': True, '202309': True, '202310': True, '202311': True, '202312': True, '202401': True, '202402': True, '202403': True, '202404': True, '202405': True, '202406': True, '202407': True, '202408': True, '202409': True}"
com.wbd.stream,"Max: Stream HBO, TV, & Movies","WarnerMedia Global Digital Services, LLC",https://play.google.com/store/apps/details?id=com.wbd.stream&hl=en&gl=us,"[{'name': 'Entertainment', 'id': 'ENTERTAINMENT'}]","50,000,000+",40586,15,"{'201708': False, '201709': False, '201710': False, '201711': False, '201712': False, '201801': False, '201802': False, '201803': False, '201804': False, '201805': False, '201806': False, '201807': False, '201808': False, '201809': False, '201810': False, '201811': False, '201812': False, '201901': False, '201902': False, '201903': False, '201904': False, '201905': False, '201906': False, '201907': False, '201908': False, '201909': False, '201910': False, '201911': False, '201912': False, '202001': False, '202002': False, '202003': False, '202004': False, '202005': False, '202006': False, '202007': False, '202008': False, '202009': False, '202010': False, '202011': False, '202012': False, '202101': False, '202102': False, '202103': False, '202104': False, '202105': False, '202106': False, '202107': False, '202108': False, '202109': False, '202110': False, '202111': False, '202112': False, '202201': False, '202202': False, '202203': False, '202204': False, '202205': False, '202206': False, '202207': False, '202208': False, '202209': False, '202210': False, '202211': False, '202212': False, '202301': False, '202302': False, '202303': False, '202304': False, '202305': True, '202306': True, '202307': True, '202308': True, '202309': True, '202310': True, '202311': True, '202312': True, '202401': True, '202402': True, '202403': True, '202404': True, '202405': True, '202406': True, '202407': True, '202408': False, '202409': False}",https://www.max.com/privacy,17,"{'201708': False, '201709': False, '201710': False, '201711': False, '201712': False, '201801': False, '201802': False, '201803': False, '201804': False, '201805': False, '201806': False, '201807': False, '201808': False, '201809': False, '201810': False, '201811': False, '201812': False, '201901': False, '201902': False, '201903': False, '201904': False, '201905': False, '201906': False, '201907': False, '201908': False, '201909': False, '201910': False, '201911': False, '201912': False, '202001': False, '202002': False, '202003': False, '202004': False, '202005': False, '202006': False, '202007': False, '202008': False, '202009': False, '202010': False, '202011': False, '202012': False, '202101': False, '202102': False, '202103': False, '202104': False, '202105': False, '202106': False, '202107': False, '202108': False, '202109': False, '202110': False, '202111': False, '202112': False, '202201': False, '202202': False, '202203': False, '202204': False, '202205': False, '202206': False, '202207': False, '202208': False, '202209': False, '202210': False, '202211': False, '202212': False, '202301': False, '202302': False, '202303': False, '202304': False, '202305': True, '202306': True, '202307': True, '202308': True, '202309': True, '202310': True, '202311': True, '202312': True, '202401': True, '202402': True, '202403': True, '202404': True, '202405': True, '202406': True, '202407': True, '202408': True, '202409': True}"
com.mcdonalds.app,McDonald's,"McDonalds USA, LLC",https://play.google.com/store/apps/details?id=com.mcdonalds.app&hl=en&gl=us,"[{'name': 'Food & Drink', 'id': 'FOOD_AND_DRINK'}]","50,000,000+",377905,62,"{'201708': False, '201709': False, '201710': True, '201711': True, '201712': True, '201801': True, '201802': True, '201803': True, '201804': True, '201805': True, '201806': True, '201807': True, '201808': True, '201809': False, '201810': True, '201811': False, '201812': True, '201901': True, '201902': True, '201903': False, '201904': True, '201905': True, '201906': False, '201907': False, '201908': True, '201909': False, '201910': True, '201911': True, '201912': True, '202001': False, '202002': True, '202003': True, '202004': False, '202005': False, '202006': True, '202007': True, '202008': False, '202009': True, '202010': True, '202011': True, '202012': True, '202101': True, '202102': False, '202103': True, '202104': True, '202105': True, '202106': True, '202107': True, '202108': True, '202109': True, '202110': False, '202111': True, '202112': True, '202201': True, '202202': True, '202203': True, '202204': False, '202205': True, '202206': True, '202207': True, '202208': False, '202209': True, '202210': False, '202211': True, '202212': False, '202301': False, '202302': True, '202303': True, '202304': True, '202305': True, '202306': True, '202307': False, '202308': True, '202309': True, '202310': True, '202311': True, '202312': True, '202401': False, '202402': True, '202403': False, '202404': True, '202405': False, '202406': True, '202407': False, '202408': False, '202409': False, '201705': True, '201706': True}",https://www.mcdonalds.com/us/en-us/privacy-overview.html,34,"{'201708': False, '201709': False, '201710': False, '201711': False, '201712': False, '201801': False, '201802': False, '201803': False, '201804': False, '201805': False, '201806': False, '201807': False, '201808': False, '201809': False, '201810': False, '201811': False, '201812': False, '201901': False, '201902': False, '201903': False, '201904': False, '201905': False, '201906': False, '201907': False, '201908': False, '201909': False, '201910': False, '201911': False, '201912': False, '202001': False, '202002': False, '202003': False, '202004': False, '202005': False, '202006': False, '202007': False, '202008': False, '202009': False, '202010': False, '202011': False, '202012': False, '202101': False, '202102': False, '202103': False, '202104': False, '202105': False, '202106': False, '202107': False, '202108': False, '202109': True, '202110': True, '202111': True, '202112': True, '202201': True, '202202': True, '202203': True, '202204': True, '202205': True, '202206': False, '202207': True, '202208': True, '202209': True, '202210': False, '202211': True, '202212': True, '202301': True, '202302': True, '202303': True, '202304': True, '202305': True, '202306': True, '202307': True, '202308': False, '202309': True, '202310': True, '202311': True, '202312': True, '202401': True, '202402': True, '202403': True, '202404': True, '202405': True, '202406': True, '202407': True, '202408': True, '202409': True}"
com.azure.authenticator,Microsoft Authenticator,Microsoft Corporation,https://play.google.com/store/apps/details?id=com.azure.authenticator&hl=en&gl=us,"[{'name': 'Business', 'id': 'BUSINESS'}]","100,000,000+",85437,75,"{'201708': True, '201709': True, '201710': True, '201711': True, '201712': False, '201801': True, '201802': True, '201803': True, '201804': True, '201805': True, '201806': False, '201807': False, '201808': True, '201809': False, '201810': True, '201811': True, '201812': False, '201901': True, '201902': True, '201903': True, '201904': False, '201905': True, '201906': True, '201907': True, '201908': True, '201909': True, '201910': True, '201911': True, '201912': False, '202001': True, '202002': True, '202003': True, '202004': True, '202005': True, '202006': True, '202007': True, '202008': True, '202009': True, '202010': False, '202011': True, '202012': True, '202101': False, '202102': True, '202103': True, '202104': True, '202105': True, '202106': True, '202107': True, '202108': True, '202109': True, '202110': True, '202111': True, '202112': True, '202201': True, '202202': True, '202203': True, '202204': True, '202205': True, '202206': True, '202207': True, '202208': True, '202209': True, '202210': True, '202211': True, '202212': True, '202301': False, '202302': True, '202303': True, '202304': True, '202305': True, '202306': True, '202307': True, '202308': True, '202309': True, '202310': True, '202311': True, '202312': False, '202401': True, '202402': True, '202403': True, '202404': True, '202405': True, '202406': True, '202407': True, '202408': True, '202409': True}",http://go.microsoft.com/fwlink/?linkid=282053,11,"{'201708': False, '201709': False, '201710': False, '201711': False, '201712': False, '201801': False, '201802': False, '201803': False, '201804': False, '201805': False, '201806': False, '201807': False, '201808': False, '201809': False, '201810': False, '201811': False, '201812': False, '201901': False, '201902': False, '201903': True, '201904': False, '201905': False, '201906': False, '201907': False, '201908': False, '201909': False, '201910': False, '201911': False, '201912': False, '202001': False, '202002': False, '202003': False, '202004': False, '202005': False, '202006': False, '202007': False, '202008': False, '202009': True, '202010': False, '202011': False, '202012': False, '202101': False, '202102': False, '202103': True, '202104': False, '202105': False, '202106': False, '202107': False, '202108': False, '202109': False, '202110': True, '202111': False, '202112': True, '202201': False, '202202': False, '202203': False, '202204': True, '202205': True, '202206': True, '202207': False, '202208': False, '202209': False, '202210': False, '202211': False, '202212': False, '202301': False, '202302': False, '202303': True, '202304': False, '202305': False, '202306': True, '202307': True, '202308': False, '202309': False, '202310': False, '202311': False, '202312': False, '202401': False, '202402': False, '202403': False, '202404': False, '202405': False, '202406': False, '202407': False, '202408': False, '202409': False}"
com.microsoft.teams,Microsoft Teams,Microsoft Corporation,https://play.google.com/store/apps/details?id=com.microsoft.teams&hl=en&gl=us,"[{'name': 'Business', 'id': 'BUSINESS'}]","100,000,000+",89945,77,"{'201708': False, '201709': False, '201710': False, '201711': False, '201712': False, '201801': False, '201802': True, '201803': False, '201804': False, '201805': False, '201806': True, '201807': True, '201808': True, '201809': True, '201810': True, '201811': True, '201812': True, '201901': True, '201902': True, '201903': True, '201904': True, '201905': True, '201906': True, '201907': True, '201908': True, '201909': True, '201910': True, '201911': True, '201912': True, '202001': True, '202002': False, '202003': True, '202004': True, '202005': True, '202006': True, '202007': True, '202008': True, '202009': True, '202010': True, '202011': True, '202012': True, '202101': True, '202102': True, '202103': True, '202104': True, '202105': True, '202106': True, '202107': True, '202108': True, '202109': True, '202110': True, '202111': True, '202112': True, '202201': True, '202202': True, '202203': True, '202204': True, '202205': True, '202206': True, '202207': True, '202208': True, '202209': True, '202210': True, '202211': True, '202212': True, '202301': True, '202302': True, '202303': True, '202304': True, '202305': True, '202306': True, '202307': True, '202308': True, '202309': True, '202310': True, '202311': True, '202312': True, '202401': True, '202402': True, '202403': True, '202404': True, '202405': True, '202406': True, '202407': True, '202408': True, '202409': True, '201706': True}",https://aka.ms/privacy,67,"{'201708': True, '201709': False, '201710': True, '201711': True, '201712': True, '201801': False, '201802': True, '201803': True, '201804': True, '201805': True, '201806': False, '201807': True, '201808': False, '201809': True, '201810': False, '201811': False, '201812': True, '201901': False, '201902': False, '201903': True, '201904': True, '201905': True, '201906': True, '201907': False, '201908': False, '201909': True, '201910': True, '201911': False, '201912': False, '202001': True, '202002': False, '202003': True, '202004': False, '202005': False, '202006': True, '202007': True, '202008': False, '202009': True, '202010': True, '202011': True, '202012': False, '202101': True, '202102': True, '202103': True, '202104': True, '202105': True, '202106': True, '202107': True, '202108': True, '202109': True, '202110': True, '202111': True, '202112': True, '202201': True, '202202': True, '202203': True, '202204': True, '202205': True, '202206': True, '202207': True, '202208': True, '202209': True, '202210': True, '202211': True, '202212': True, '202301': True, '202302': True, '202303': True, '202304': True, '202305': False, '202306': True, '202307': True, '202308': False, '202309': True, '202310': True, '202311': True, '202312': True, '202401': True, '202402': True, '202403': True, '202404': True, '202405': True, '202406': True, '202407': True, '202408': True, '202409': True}"
com.particlenews.newsbreak,NewsBreak: Local News & Alerts,Particle Media Inc.,https://play.google.com/store/apps/details?id=com.particlenews.newsbreak&hl=en&gl=us,"[{'name': 'News & Magazines', 'id': 'NEWS_AND_MAGAZINES'}]","50,000,000+",139442,70,"{'201708': False, '201709': False, '201710': False, '201711': False, '201712': False, '201801': False, '201802': False, '201803': False, '201804': False, '201805': False, '201806': False, '201807': False, '201808': False, '201809': False, '201810': True, '201811': True, '201812': True, '201901': True, '201902': True, '201903': True, '201904': True, '201905': True, '201906': True, '201907': True, '201908': True, '201909': True, '201910': True, '201911': True, '201912': True, '202001': True, '202002': True, '202003': True, '202004': True, '202005': True, '202006': True, '202007': True, '202008': True, '202009': True, '202010': True, '202011': True, '202012': True, '202101': True, '202102': True, '202103': True, '202104': True, '202105': True, '202106': True, '202107': True, '202108': True, '202109': True, '202110': True, '202111': True, '202112': True, '202201': True, '202202': True, '202203': True, '202204': True, '202205': True, '202206': True, '202207': True, '202208': True, '202209': True, '202210': True, '202211': True, '202212': True, '202301': True, '202302': True, '202303': True, '202304': True, '202305': True, '202306': True, '202307': True, '202308': True, '202309': True, '202310': True, '202311': True, '202312': True, '202401': True, '202402': True, '202403': True, '202404': True, '202405': True, '202406': True, '202407': True, '202408': False, '202409': False}",https://www.newsbreak.com/privacy,53,"{'201708': False, '201709': False, '201710': False, '201711': False, '201712': False, '201801': False, '201802': False, '201803': False, '201804': False, '201805': False, '201806': False, '201807': False, '201808': False, '201809': False, '201810': False, '201811': False, '201812': False, '201901': False, '201902': False, '201903': False, '201904': False, '201905': False, '201906': False, '201907': False, '201908': True, '201909': False, '201910': False, '201911': False, '201912': False, '202001': True, '202002': True, '202003': True, '202004': True, '202005': True, '202006': True, '202007': False, '202008': True, '202009': True, '202010': True, '202011': True, '202012': True, '202101': True, '202102': True, '202103': True, '202104': True, '202105': True, '202106': True, '202107': False, '202108': True, '202109': True, '202110': True, '202111': True, '202112': True, '202201': True, '202202': True, '202203': True, '202204': True, '202205': True, '202206': True, '202207': False, '202208': True, '202209': True, '202210': True, '202211': True, '202212': True, '202301': False, '202302': True, '202303': True, '202304': True, '202305': True, '202306': True, '202307': True, '202308': True, '202309': False, '202310': True, '202311': True, '202312': True, '202401': True, '202402': True, '202403': True, '202404': True, '202405': True, '202406': True, '202407': True, '202408': True, '202409': True}"
com.gotv.nflgamecenter.us.lite,NFL,NFL Enterprises LLC,https://play.google.com/store/apps/details?id=com.gotv.nflgamecenter.us.lite&hl=en&gl=us,"[{'name': 'Sports', 'id': 'SPORTS'}]","100,000,000+",169866,68,"{'201708': True, '201709': False, '201710': False, '201711': False, '201712': False, '201801': True, '201802': True, '201803': True, '201804': True, '201805': True, '201806': True, '201807': True, '201808': True, '201809': True, '201810': True, '201811': True, '201812': True, '201901': True, '201902': True, '201903': False, '201904': True, '201905': True, '201906': True, '201907': True, '201908': True, '201909': True, '201910': True, '201911': True, '201912': False, '202001': False, '202002': False, '202003': False, '202004': False, '202005': False, '202006': False, '202007': True, '202008': True, '202009': True, '202010': True, '202011': True, '202012': True, '202101': True, '202102': False, '202103': False, '202104': True, '202105': True, '202106': False, '202107': True, '202108': True, '202109': True, '202110': True, '202111': True, '202112': True, '202201': True, '202202': True, '202203': True, '202204': True, '202205': True, '202206': True, '202207': True, '202208': True, '202209': True, '202210': True, '202211': True, '202212': True, '202301': True, '202302': True, '202303': True, '202304': True, '202305': True, '202306': True, '202307': True, '202308': True, '202309': True, '202310': True, '202311': True, '202312': True, '202401': True, '202402': True, '202403': False, '202404': True, '202405': True, '202406': True, '202407': True, '202408': False, '202409': False}",http://www.nfl.com/help/privacy,85,"{'201708': True, '201709': True, '201710': True, '201711': True, '201712': True, '201801': True, '201802': True, '201803': True, '201804': True, '201805': True, '201806': True, '201807': True, '201808': True, '201809': True, '201810': True, '201811': True, '201812': True, '201901': True, '201902': True, '201903': True, '201904': True, '201905': True, '201906': True, '201907': True, '201908': True, '201909': True, '201910': True, '201911': True, '201912': True, '202001': True, '202002': True, '202003': True, '202004': True, '202005': True, '202006': True, '202007': True, '202008': True, '202009': True, '202010': True, '202011': True, '202012': True, '202101': True, '202102': True, '202103': True, '202104': True, '202105': True, '202106': True, '202107': True, '202108': True, '202109': True, '202110': True, '202111': True, '202112': True, '202201': True, '202202': True, '202203': True, '202204': True, '202205': True, '202206': True, '202207': True, '202208': True, '202209': True, '202210': True, '202211': True, '202212': True, '202301': True, '202302': True, '202303': True, '202304': True, '202305': True, '202306': True, '202307': True, '202308': True, '202309': True, '202310': True, '202311': False, '202312': True, '202401': True, '202402': True, '202403': True, '202404': True, '202405': True, '202406': True, '202407': True, '202408': True, '202409': True}"
com.pandora.android,Pandora - Music & Podcasts,Pandora,https://play.google.com/store/apps/details?id=com.pandora.android&hl=en&gl=us,"[{'name': 'Music & Audio', 'id': 'MUSIC_AND_AUDIO'}]","100,000,000+",866064,15,"{'201708': False, '201709': False, '201710': False, '201711': False, '201712': False, '201801': False, '201802': False, '201803': False, '201804': False, '201805': False, '201806': False, '201807': False, '201808': False, '201809': False, '201810': False, '201811': False, '201812': True, '201901': False, '201902': False, '201903': False, '201904': False, '201905': False, '201906': False, '201907': False, '201908': False, '201909': False, '201910': False, '201911': False, '201912': False, '202001': False, '202002': False, '202003': False, '202004': False, '202005': False, '202006': False, '202007': False, '202008': False, '202009': False, '202010': False, '202011': False, '202012': False, '202101': False, '202102': False, '202103': False, '202104': False, '202105': False, '202106': False, '202107': False, '202108': False, '202109': False, '202110': False, '202111': False, '202112': False, '202201': False, '202202': False, '202203': False, '202204': False, '202205': False, '202206': False, '202207': False, '202208': False, '202209': False, '202210': False, '202211': False, '202212': True, '202301': False, '202302': True, '202303': True, '202304': False, '202305': True, '202306': True, '202307': True, '202308': False, '202309': True, '202310': True, '202311': False, '202312': False, '202401': False, '202402': True, '202403': True, '202404': False, '202405': True, '202406': True, '202407': True, '202408': False, '202409': True}",http://www.pandora.com/privacy,86,"{'201708': True, '201709': True, '201710': True, '201711': True, '201712': True, '201801': True, '201802': True, '201803': True, '201804': True, '201805': True, '201806': True, '201807': True, '201808': True, '201809': True, '201810': True, '201811': True, '201812': True, '201901': True, '201902': True, '201903': True, '201904': True, '201905': True, '201906': True, '201907': True, '201908': True, '201909': True, '201910': True, '201911': True, '201912': True, '202001': True, '202002': True, '202003': True, '202004': True, '202005': True, '202006': True, '202007': True, '202008': True, '202009': True, '202010': True, '202011': True, '202012': True, '202101': True, '202102': True, '202103': True, '202104': True, '202105': True, '202106': True, '202107': True, '202108': True, '202109': True, '202110': True, '202111': True, '202112': True, '202201': True, '202202': True, '202203': True, '202204': True, '202205': True, '202206': True, '202207': True, '202208': True, '202209': True, '202210': True, '202211': True, '202212': True, '202301': True, '202302': True, '202303': True, '202304': True, '202305': True, '202306': True, '202307': True, '202308': True, '202309': True, '202310': True, '202311': True, '202312': True, '202401': True, '202402': True, '202403': True, '202404': True, '202405': True, '202406': True, '202407': True, '202408': True, '202409': True}"
com.cbs.app,Paramount+,"CBS Interactive, Inc.",https://play.google.com/store/apps/details?id=com.cbs.app&hl=en&gl=us,"[{'name': 'Entertainment', 'id': 'ENTERTAINMENT'}]","10,000,000+",174399,39,"{'201708': False, '201709': False, '201710': False, '201711': False, '201712': False, '201801': False, '201802': False, '201803': False, '201804': False, '201805': False, '201806': False, '201807': False, '201808': False, '201809': False, '201810': False, '201811': False, '201812': False, '201901': False, '201902': False, '201903': False, '201904': False, '201905': False, '201906': False, '201907': False, '201908': False, '201909': False, '201910': False, '201911': False, '201912': False, '202001': False, '202002': False, '202003': False, '202004': False, '202005': False, '202006': False, '202007': False, '202008': False, '202009': False, '202010': False, '202011': False, '202012': False, '202101': False, '202102': False, '202103': True, '202104': True, '202105': True, '202106': True, '202107': True, '202108': True, '202109': True, '202110': True, '202111': True, '202112': True, '202201': True, '202202': True, '202203': True, '202204': True, '202205': True, '202206': True, '202207': True, '202208': True, '202209': True, '202210': True, '202211': True, '202212': True, '202301': False, '202302': True, '202303': False, '202304': True, '202305': True, '202306': True, '202307': True, '202308': True, '202309': True, '202310': True, '202311': True, '202312': True, '202401': True, '202402': True, '202403': True, '202404': True, '202405': True, '202406': True, '202407': True, '202408': False, '202409': False}",http://legalterms.cbsinteractive.com/privacy,82,"{'201708': True, '201709': True, '201710': True, '201711': True, '201712': True, '201801': True, '201802': True, '201803': True, '201804': True, '201805': True, '201806': True, '201807': True, '201808': True, '201809': True, '201810': True, '201811': True, '201812': True, '201901': True, '201902': True, '201903': True, '201904': True, '201905': True, '201906': True, '201907': True, '201908': True, '201909': True, '201910': True, '201911': True, '201912': True, '202001': True, '202002': True, '202003': True, '202004': True, '202005': True, '202006': True, '202007': True, '202008': True, '202009': True, '202010': True, '202011': True, '202012': True, '202101': True, '202102': True, '202103': True, '202104': True, '202105': True, '202106': True, '202107': True, '202108': True, '202109': True, '202110': True, '202111': True, '202112': True, '202201': True, '202202': True, '202203': True, '202204': True, '202205': True, '202206': True, '202207': True, '202208': True, '202209': True, '202210': False, '202211': True, '202212': True, '202301': True, '202302': True, '202303': True, '202304': True, '202305': True, '202306': True, '202307': False, '202308': True, '202309': False, '202310': True, '202311': True, '202312': True, '202401': True, '202402': False, '202403': True, '202404': True, '202405': True, '202406': True, '202407': True, '202408': True, '202409': True}"
com.paypal.android.p2pmobile,"PayPal - Pay, Send, Save",PayPal Mobile,https://play.google.com/store/apps/details?id=com.paypal.android.p2pmobile&hl=en&gl=us,"[{'name': 'Finance', 'id': 'FINANCE'}]","100,000,000+",403665,77,"{'201708': False, '201709': True, '201710': True, '201711': True, '201712': True, '201801': True, '201802': True, '201803': True, '201804': True, '201805': True, '201806': True, '201807': True, '201808': True, '201809': True, '201810': True, '201811': True, '201812': False, '201901': False, '201902': True, '201903': True, '201904': True, '201905': True, '201906': True, '201907': True, '201908': True, '201909': True, '201910': True, '201911': True, '201912': True, '202001': False, '202002': False, '202003': False, '202004': True, '202005': False, '202006': True, '202007': True, '202008': True, '202009': True, '202010': True, '202011': True, '202012': True, '202101': True, '202102': True, '202103': True, '202104': True, '202105': True, '202106': True, '202107': True, '202108': True, '202109': True, '202110': True, '202111': True, '202112': True, '202201': True, '202202': True, '202203': True, '202204': True, '202205': True, '202206': True, '202207': True, '202208': True, '202209': True, '202210': True, '202211': True, '202212': True, '202301': True, '202302': True, '202303': True, '202304': True, '202305': True, '202306': True, '202307': True, '202308': True, '202309': True, '202310': True, '202311': True, '202312': True, '202401': True, '202402': True, '202403': True, '202404': True, '202405': True, '202406': True, '202407': True, '202408': False, '202409': False}",https://www.paypal.com/webapps/mpp/ua/privacy-full,86,"{'201708': True, '201709': True, '201710': True, '201711': True, '201712': True, '201801': True, '201802': True, '201803': True, '201804': True, '201805': True, '201806': True, '201807': True, '201808': True, '201809': True, '201810': True, '201811': True, '201812': True, '201901': True, '201902': True, '201903': True, '201904': True, '201905': True, '201906': True, '201907': True, '201908': True, '201909': True, '201910': True, '201911': True, '201912': True, '202001': True, '202002': True, '202003': True, '202004': True, '202005': True, '202006': True, '202007': True, '202008': True, '202009': True, '202010': True, '202011': True, '202012': True, '202101': True, '202102': True, '202103': True, '202104': True, '202105': True, '202106': True, '202107': True, '202108': True, '202109': True, '202110': True, '202111': True, '202112': True, '202201': True, '202202': True, '202203': True, '202204': True, '202205': True, '202206': True, '202207': True, '202208': True, '202209': True, '202210': True, '202211': True, '202212': True, '202301': True, '202302': True, '202303': True, '202304': True, '202305': True, '202306': True, '202307': True, '202308': True, '202309': True, '202310': True, '202311': True, '202312': True, '202401': True, '202402': True, '202403': True, '202404': True, '202405': True, '202406': True, '202407': True, '202408': True, '202409': True}"
com.peacocktv.peacockandroid,Peacock TV: Stream TV & Movies,Peacock TV LLC,https://play.google.com/store/apps/details?id=com.peacocktv.peacockandroid&hl=en&gl=us,"[{'name': 'Entertainment', 'id': 'ENTERTAINMENT'}]","10,000,000+",69107,45,"{'201708': False, '201709': False, '201710': False, '201711': False, '201712': False, '201801': False, '201802': False, '201803': False, '201804': False, '201805': False, '201806': False, '201807': False, '201808': False, '201809': False, '201810': False, '201811': False, '201812': False, '201901': False, '201902': False, '201903': False, '201904': False, '201905': False, '201906': False, '201907': False, '201908': False, '201909': False, '201910': False, '201911': False, '201912': False, '202001': False, '202002': False, '202003': False, '202004': False, '202005': False, '202006': False, '202007': True, '202008': True, '202009': True, '202010': True, '202011': False, '202012': True, '202101': True, '202102': False, '202103': True, '202104': True, '202105': True, '202106': True, '202107': True, '202108': True, '202109': True, '202110': False, '202111': True, '202112': True, '202201': True, '202202': True, '202203': True, '202204': True, '202205': True, '202206': True, '202207': True, '202208': True, '202209': True, '202210': True, '202211': True, '202212': True, '202301': True, '202302': True, '202303': True, '202304': True, '202305': True, '202306': True, '202307': True, '202308': True, '202309': True, '202310': True, '202311': True, '202312': False, '202401': True, '202402': True, '202403': True, '202404': True, '202405': True, '202406': True, '202407': True, '202408': False, '202409': False}",https://www.peacocktv.com/privacy,22,"{'201708': False, '201709': False, '201710': False, '201711': False, '201712': False, '201801': False, '201802': False, '201803': False, '201804': False, '201805': False, '201806': False, '201807': False, '201808': False, '201809': False, '201810': False, '201811': False, '201812': False, '201901': False, '201902': False, '201903': False, '201904': False, '201905': False, '201906': False, '201907': False, '201908': False, '201909': False, '201910': False, '201911': False, '201912': False, '202001': False, '202002': False, '202003': False, '202004': False, '202005': False, '202006': False, '202007': True, '202008': False, '202009': False, '202010': False, '202011': False, '202012': False, '202101': True, '202102': False, '202103': False, '202104': False, '202105': False, '202106': False, '202107': False, '202108': False, '202109': False, '202110': False, '202111': True, '202112': False, '202201': False, '202202': False, '202203': False, '202204': False, '202205': False, '202206': False, '202207': False, '202208': True, '202209': False, '202210': True, '202211': True, '202212': True, '202301': True, '202302': True, '202303': True, '202304': True, '202305': True, '202306': True, '202307': True, '202308': True, '202309': True, '202310': False, '202311': True, '202312': False, '202401': True, '202402': False, '202403': False, '202404': True, '202405': True, '202406': False, '202407': True, '202408': False, '202409': True}"
com.photoroom.app,Photoroom AI Photo Editor,Photoroom AI Photo Editor,https://play.google.com/store/apps/details?id=com.photoroom.app&hl=en&gl=us,"[{'name': 'Photography', 'id': 'PHOTOGRAPHY'}]","100,000,000+",11892,44,"{'201708': False, '201709': False, '201710': False, '201711': False, '201712': False, '201801': False, '201802': False, '201803': False, '201804': False, '201805': False, '201806': False, '201807': False, '201808': False, '201809': False, '201810': False, '201811': False, '201812': False, '201901': False, '201902': False, '201903': False, '201904': False, '201905': False, '201906': False, '201907': False, '201908': False, '201909': False, '201910': False, '201911': False, '201912': False, '202001': False, '202002': False, '202003': False, '202004': False, '202005': False, '202006': False, '202007': False, '202008': False, '202009': False, '202010': False, '202011': False, '202012': True, '202101': True, '202102': True, '202103': True, '202104': True, '202105': True, '202106': True, '202107': True, '202108': True, '202109': True, '202110': True, '202111': True, '202112': True, '202201': True, '202202': True, '202203': True, '202204': True, '202205': True, '202206': True, '202207': True, '202208': True, '202209': True, '202210': True, '202211': True, '202212': True, '202301': True, '202302': True, '202303': True, '202304': True, '202305': True, '202306': True, '202307': True, '202308': True, '202309': True, '202310': True, '202311': True, '202312': True, '202401': True, '202402': True, '202403': True, '202404': True, '202405': True, '202406': True, '202407': True, '202408': False, '202409': False}",https://photoroom.com/legal/privacy,1,"{'201708': False, '201709': False, '201710': False, '201711': False, '201712': False, '201801': False, '201802': False, '201803': False, '201804': False, '201805': False, '201806': False, '201807': False, '201808': False, '201809': False, '201810': False, '201811': False, '201812': False, '201901': False, '201902': False, '201903': False, '201904': False, '201905': False, '201906': False, '201907': False, '201908': False, '201909': False, '201910': False, '201911': False, '201912': False, '202001': False, '202002': False, '202003': False, '202004': False, '202005': True, '202006': False, '202007': False, '202008': False, '202009': False, '202010': False, '202011': False, '202012': False, '202101': False, '202102': False, '202103': False, '202104': False, '202105': False, '202106': False, '202107': False, '202108': False, '202109': False, '202110': False, '202111': False, '202112': False, '202201': False, '202202': False, '202203': False, '202204': False, '202205': False, '202206': False, '202207': False, '202208': False, '202209': False, '202210': False, '202211': False, '202212': False, '202301': False, '202302': False, '202303': False, '202304': False, '202305': False, '202306': False, '202307': False, '202308': False, '202309': False, '202310': False, '202311': False, '202312': False, '202401': False, '202402': False, '202403': False, '202404': False, '202405': False, '202406': False, '202407': False, '202408': False, '202409': False}"
com.plexapp.android,Plex: Stream Movies & TV,"Plex, Inc.",https://play.google.com/store/apps/details?id=com.plexapp.android&hl=en&gl=us,"[{'name': 'Entertainment', 'id': 'ENTERTAINMENT'}]","50,000,000+",36838,82,"{'201708': False, '201709': False, '201710': True, '201711': True, '201712': True, '201801': True, '201802': True, '201803': True, '201804': True, '201805': True, '201806': True, '201807': True, '201808': True, '201809': True, '201810': True, '201811': True, '201812': True, '201901': True, '201902': True, '201903': True, '201904': True, '201905': True, '201906': True, '201907': True, '201908': True, '201909': True, '201910': True, '201911': True, '201912': True, '202001': True, '202002': True, '202003': True, '202004': True, '202005': True, '202006': True, '202007': True, '202008': True, '202009': True, '202010': True, '202011': True, '202012': True, '202101': True, '202102': True, '202103': True, '202104': True, '202105': True, '202106': True, '202107': True, '202108': True, '202109': True, '202110': True, '202111': True, '202112': True, '202201': True, '202202': True, '202203': True, '202204': True, '202205': True, '202206': True, '202207': True, '202208': True, '202209': True, '202210': True, '202211': True, '202212': True, '202301': True, '202302': True, '202303': True, '202304': True, '202305': True, '202306': True, '202307': True, '202308': True, '202309': True, '202310': True, '202311': True, '202312': True, '202401': True, '202402': True, '202403': True, '202404': True, '202405': True, '202406': True, '202407': True, '202408': False, '202409': False}",https://plex.tv/legal,79,"{'201708': False, '201709': False, '201710': True, '201711': True, '201712': False, '201801': False, '201802': False, '201803': True, '201804': True, '201805': True, '201806': True, '201807': True, '201808': True, '201809': True, '201810': True, '201811': True, '201812': True, '201901': True, '201902': True, '201903': True, '201904': True, '201905': True, '201906': True, '201907': True, '201908': True, '201909': True, '201910': True, '201911': True, '201912': True, '202001': True, '202002': True, '202003': True, '202004': True, '202005': True, '202006': True, '202007': True, '202008': True, '202009': True, '202010': True, '202011': True, '202012': True, '202101': True, '202102': True, '202103': True, '202104': True, '202105': True, '202106': True, '202107': True, '202108': True, '202109': True, '202110': True, '202111': True, '202112': True, '202201': True, '202202': False, '202203': True, '202204': True, '202205': True, '202206': True, '202207': True, '202208': True, '202209': True, '202210': False, '202211': True, '202212': True, '202301': True, '202302': True, '202303': True, '202304': True, '202305': True, '202306': True, '202307': True, '202308': True, '202309': True, '202310': True, '202311': True, '202312': True, '202401': True, '202402': True, '202403': True, '202404': True, '202405': True, '202406': True, '202407': True, '202408': True, '202409': True}"
tv.pluto.android,Pluto TV: Watch Free Movies/TV,"Pluto, Inc.",https://play.google.com/store/apps/details?id=tv.pluto.android&hl=en&gl=us,"[{'name': 'Entertainment', 'id': 'ENTERTAINMENT'}]","100,000,000+",112634,58,"{'201708': False, '201709': False, '201710': False, '201711': True, '201712': False, '201801': False, '201802': False, '201803': True, '201804': False, '201805': True, '201806': True, '201807': False, '201808': True, '201809': True, '201810': True, '201811': False, '201812': True, '201901': True, '201902': True, '201903': True, '201904': False, '201905': True, '201906': True, '201907': False, '201908': True, '201909': True, '201910': False, '201911': True, '201912': False, '202001': True, '202002': True, '202003': True, '202004': False, '202005': False, '202006': False, '202007': True, '202008': True, '202009': False, '202010': True, '202011': True, '202012': True, '202101': True, '202102': False, '202103': True, '202104': True, '202105': True, '202106': False, '202107': True, '202108': True, '202109': False, '202110': False, '202111': False, '202112': True, '202201': True, '202202': True, '202203': True, '202204': True, '202205': True, '202206': True, '202207': True, '202208': False, '202209': True, '202210': False, '202211': True, '202212': True, '202301': True, '202302': True, '202303': True, '202304': True, '202305': True, '202306': True, '202307': True, '202308': True, '202309': False, '202310': True, '202311': True, '202312': True, '202401': True, '202402': True, '202403': True, '202404': True, '202405': True, '202406': True, '202407': False, '202408': False, '202409': False}",https://corporate.pluto.tv/privacy-policy/,42,"{'201708': False, '201709': False, '201710': False, '201711': False, '201712': False, '201801': True, '201802': False, '201803': True, '201804': True, '201805': True, '201806': True, '201807': True, '201808': True, '201809': True, '201810': True, '201811': True, '201812': True, '201901': True, '201902': False, '201903': False, '201904': True, '201905': False, '201906': False, '201907': True, '201908': True, '201909': False, '201910': True, '201911': False, '201912': False, '202001': True, '202002': True, '202003': True, '202004': True, '202005': False, '202006': False, '202007': False, '202008': True, '202009': False, '202010': False, '202011': False, '202012': True, '202101': True, '202102': True, '202103': True, '202104': True, '202105': True, '202106': True, '202107': False, '202108': True, '202109': False, '202110': True, '202111': True, '202112': False, '202201': False, '202202': False, '202203': False, '202204': False, '202205': True, '202206': False, '202207': True, '202208': True, '202209': False, '202210': False, '202211': False, '202212': False, '202301': False, '202302': False, '202303': True, '202304': True, '202305': False, '202306': True, '202307': False, '202308': False, '202309': False, '202310': True, '202311': True, '202312': False, '202401': False, '202402': False, '202403': True, '202404': False, '202405': False, '202406': False, '202407': False, '202408': True, '202409': True}"
com.radio.pocketfm,Pocket FM: Audio Series,Pocket FM Corp.,https://play.google.com/store/apps/details?id=com.radio.pocketfm&hl=en&gl=us,"[{'name': 'Music & Audio', 'id': 'MUSIC_AND_AUDIO'}]","100,000,000+",36228,16,"{'201708': False, '201709': False, '201710': False, '201711': False, '201712': False, '201801': False, '201802': False, '201803': False, '201804': False, '201805': False, '201806': False, '201807': False, '201808': False, '201809': False, '201810': False, '201811': False, '201812': False, '201901': False, '201902': False, '201903': False, '201904': False, '201905': False, '201906': False, '201907': False, '201908': False, '201909': False, '201910': False, '201911': False, '201912': False, '202001': False, '202002': False, '202003': False, '202004': False, '202005': False, '202006': False, '202007': False, '202008': False, '202009': False, '202010': False, '202011': False, '202012': False, '202101': False, '202102': False, '202103': False, '202104': False, '202105': False, '202106': False, '202107': False, '202108': False, '202109': False, '202110': False, '202111': False, '202112': False, '202201': False, '202202': False, '202203': False, '202204': False, '202205': False, '202206': False, '202207': False, '202208': False, '202209': False, '202210': False, '202211': False, '202212': False, '202301': False, '202302': False, '202303': False, '202304': True, '202305': True, '202306': True, '202307': True, '202308': True, '202309': True, '202310': True, '202311': True, '202312': True, '202401': True, '202402': True, '202403': True, '202404': True, '202405': True, '202406': True, '202407': True, '202408': False, '202409': False}",https://www.pocketfm.com/privacy-policy/,18,"{'201708': False, '201709': False, '201710': False, '201711': False, '201712': False, '201801': False, '201802': False, '201803': False, '201804': False, '201805': False, '201806': False, '201807': False, '201808': False, '201809': False, '201810': False, '201811': False, '201812': False, '201901': False, '201902': False, '201903': False, '201904': False, '201905': False, '201906': False, '201907': False, '201908': False, '201909': False, '201910': False, '201911': False, '201912': False, '202001': False, '202002': False, '202003': False, '202004': False, '202005': False, '202006': False, '202007': False, '202008': False, '202009': False, '202010': False, '202011': False, '202012': False, '202101': False, '202102': False, '202103': False, '202104': False, '202105': False, '202106': False, '202107': False, '202108': True, '202109': False, '202110': True, '202111': False, '202112': False, '202201': False, '202202': False, '202203': True, '202204': False, '202205': False, '202206': True, '202207': False, '202208': True, '202209': True, '202210': True, '202211': False, '202212': False, '202301': False, '202302': True, '202303': True, '202304': True, '202305': True, '202306': True, '202307': True, '202308': False, '202309': False, '202310': True, '202311': False, '202312': True, '202401': False, '202402': False, '202403': False, '202404': False, '202405': True, '202406': False, '202407': False, '202408': True, '202409': True}"
com.reddit.frontpage,Reddit,reddit Inc.,https://play.google.com/store/apps/details?id=com.reddit.frontpage&hl=en&gl=us,"[{'name': 'Social', 'id': 'SOCIAL'}]","100,000,000+",314763,68,"{'201708': True, '201709': True, '201710': True, '201711': False, '201712': True, '201801': True, '201802': True, '201803': True, '201804': True, '201805': True, '201806': True, '201807': True, '201808': True, '201809': True, '201810': True, '201811': True, '201812': True, '201901': True, '201902': True, '201903': True, '201904': True, '201905': True, '201906': False, '201907': False, '201908': False, '201909': False, '201910': False, '201911': False, '201912': False, '202001': False, '202002': False, '202003': False, '202004': False, '202005': False, '202006': False, '202007': True, '202008': True, '202009': True, '202010': True, '202011': True, '202012': True, '202101': True, '202102': True, '202103': True, '202104': True, '202105': True, '202106': False, '202107': True, '202108': False, '202109': True, '202110': True, '202111': True, '202112': True, '202201': True, '202202': False, '202203': True, '202204': True, '202205': True, '202206': True, '202207': True, '202208': True, '202209': True, '202210': True, '202211': True, '202212': True, '202301': True, '202302': True, '202303': True, '202304': True, '202305': True, '202306': True, '202307': True, '202308': True, '202309': True, '202310': True, '202311': True, '202312': True, '202401': True, '202402': True, '202403': True, '202404': True, '202405': True, '202406': True, '202407': True, '202408': False, '202409': False, '201707': True}",https://www.reddit.com/help/privacypolicy,86,"{'201708': True, '201709': True, '201710': True, '201711': True, '201712': True, '201801': True, '201802': True, '201803': True, '201804': True, '201805': True, '201806': True, '201807': True, '201808': True, '201809': True, '201810': True, '201811': True, '201812': True, '201901': True, '201902': True, '201903': True, '201904': True, '201905': True, '201906': True, '201907': True, '201908': True, '201909': True, '201910': True, '201911': True, '201912': True, '202001': True, '202002': True, '202003': True, '202004': True, '202005': True, '202006': True, '202007': True, '202008': True, '202009': True, '202010': True, '202011': True, '202012': True, '202101': True, '202102': True, '202103': True, '202104': True, '202105': True, '202106': True, '202107': True, '202108': True, '202109': True, '202110': True, '202111': True, '202112': True, '202201': True, '202202': True, '202203': True, '202204': True, '202205': True, '202206': True, '202207': True, '202208': True, '202209': True, '202210': True, '202211': True, '202212': True, '202301': True, '202302': True, '202303': True, '202304': True, '202305': True, '202306': True, '202307': True, '202308': True, '202309': True, '202310': True, '202311': True, '202312': True, '202401': True, '202402': True, '202403': True, '202404': True, '202405': True, '202406': True, '202407': True, '202408': True, '202409': True}"
com.sec.android.easyMover,Samsung Smart Switch Mobile,"Samsung Electronics Co.,  Ltd.",https://play.google.com/store/apps/details?id=com.sec.android.easyMover&hl=en&gl=us,"[{'name': 'Tools', 'id': 'TOOLS'}]","1,000,000,000+",19191,62,"{'201708': False, '201709': True, '201710': True, '201711': False, '201712': False, '201801': True, '201802': False, '201803': False, '201804': True, '201805': False, '201806': False, '201807': True, '201808': False, '201809': True, '201810': True, '201811': True, '201812': True, '201901': True, '201902': False, '201903': True, '201904': True, '201905': True, '201906': True, '201907': True, '201908': True, '201909': True, '201910': True, '201911': True, '201912': False, '202001': True, '202002': True, '202003': True, '202004': False, '202005': False, '202006': True, '202007': True, '202008': True, '202009': True, '202010': True, '202011': False, '202012': True, '202101': True, '202102': True, '202103': True, '202104': False, '202105': True, '202106': True, '202107': True, '202108': True, '202109': True, '202110': True, '202111': False, '202112': False, '202201': True, '202202': True, '202203': True, '202204': False, '202205': False, '202206': True, '202207': False, '202208': True, '202209': True, '202210': True, '202211': True, '202212': True, '202301': True, '202302': True, '202303': False, '202304': True, '202305': False, '202306': True, '202307': True, '202308': True, '202309': True, '202310': True, '202311': True, '202312': True, '202401': True, '202402': True, '202403': False, '202404': True, '202405': False, '202406': True, '202407': True, '202408': False, '202409': True}",https://www.samsung.com/us/account/privacy-policy/,82,"{'201708': False, '201709': False, '201710': False, '201711': False, '201712': True, '201801': True, '201802': True, '201803': True, '201804': True, '201805': True, '201806': True, '201807': True, '201808': True, '201809': True, '201810': True, '201811': True, '201812': True, '201901': True, '201902': True, '201903': True, '201904': True, '201905': True, '201906': True, '201907': True, '201908': True, '201909': True, '201910': True, '201911': True, '201912': True, '202001': True, '202002': True, '202003': True, '202004': True, '202005': True, '202006': True, '202007': True, '202008': True, '202009': True, '202010': True, '202011': True, '202012': True, '202101': True, '202102': True, '202103': True, '202104': True, '202105': True, '202106': True, '202107': True, '202108': True, '202109': True, '202110': True, '202111': True, '202112': True, '202201': True, '202202': True, '202203': True, '202204': True, '202205': True, '202206': True, '202207': True, '202208': True, '202209': True, '202210': True, '202211': True, '202212': True, '202301': True, '202302': True, '202303': True, '202304': True, '202305': True, '202306': True, '202307': True, '202308': True, '202309': True, '202310': True, '202311': True, '202312': True, '202401': True, '202402': True, '202403': True, '202404': True, '202405': True, '202406': True, '202407': True, '202408': True, '202409': True}"
com.zzkko,SHEIN-Shopping Online,Roadget Business PTE. LTD.,https://play.google.com/store/apps/details?id=com.zzkko&hl=en&gl=us,"[{'name': 'Shopping', 'id': 'SHOPPING'}]","500,000,000+",200302,34,"{'201708': False, '201709': False, '201710': False, '201711': False, '201712': False, '201801': False, '201802': False, '201803': False, '201804': False, '201805': False, '201806': False, '201807': False, '201808': False, '201809': False, '201810': False, '201811': False, '201812': False, '201901': False, '201902': False, '201903': False, '201904': False, '201905': False, '201906': False, '201907': False, '201908': False, '201909': False, '201910': False, '201911': False, '201912': False, '202001': False, '202002': False, '202003': False, '202004': False, '202005': False, '202006': False, '202007': False, '202008': False, '202009': False, '202010': False, '202011': False, '202012': False, '202101': False, '202102': False, '202103': False, '202104': False, '202105': False, '202106': False, '202107': False, '202108': False, '202109': True, '202110': True, '202111': True, '202112': True, '202201': True, '202202': False, '202203': True, '202204': True, '202205': True, '202206': True, '202207': True, '202208': True, '202209': True, '202210': True, '202211': True, '202212': True, '202301': True, '202302': True, '202303': True, '202304': True, '202305': True, '202306': True, '202307': True, '202308': True, '202309': True, '202310': True, '202311': True, '202312': True, '202401': True, '202402': True, '202403': True, '202404': True, '202405': True, '202406': True, '202407': True, '202408': False, '202409': False}",https://www.shein.com/Privacy-Security-Policy-a-282.html,0,"{'201708': False, '201709': False, '201710': False, '201711': False, '201712': False, '201801': False, '201802': False, '201803': False, '201804': False, '201805': False, '201806': False, '201807': False, '201808': False, '201809': False, '201810': False, '201811': False, '201812': False, '201901': False, '201902': False, '201903': False, '201904': False, '201905': False, '201906': False, '201907': False, '201908': False, '201909': False, '201910': False, '201911': False, '201912': False, '202001': False, '202002': False, '202003': False, '202004': False, '202005': False, '202006': False, '202007': False, '202008': False, '202009': False, '202010': False, '202011': False, '202012': False, '202101': False, '202102': False, '202103': False, '202104': False, '202105': False, '202106': False, '202107': False, '202108': False, '202109': False, '202110': False, '202111': False, '202112': False, '202201': False, '202202': False, '202203': False, '202204': False, '202205': False, '202206': False, '202207': False, '202208': False, '202209': False, '202210': False, '202211': False, '202212': False, '202301': False, '202302': False, '202303': False, '202304': False, '202305': False, '202306': False, '202307': False, '202308': False, '202309': False, '202310': False, '202311': False, '202312': False, '202401': False, '202402': False, '202403': False, '202404': False, '202405': False, '202406': False, '202407': False, '202408': False, '202409': False}"
com.sling,Sling TV: Live TV + Freestream,"Sling TV, L.L.C.",https://play.google.com/store/apps/details?id=com.sling&hl=en&gl=us,"[{'name': 'Entertainment', 'id': 'ENTERTAINMENT'}]","10,000,000+",40128,68,"{'201708': True, '201709': False, '201710': False, '201711': True, '201712': False, '201801': False, '201802': False, '201803': True, '201804': True, '201805': False, '201806': True, '201807': True, '201808': True, '201809': False, '201810': True, '201811': True, '201812': False, '201901': False, '201902': True, '201903': True, '201904': True, '201905': True, '201906': True, '201907': True, '201908': True, '201909': True, '201910': True, '201911': True, '201912': True, '202001': True, '202002': True, '202003': True, '202004': True, '202005': True, '202006': True, '202007': True, '202008': True, '202009': True, '202010': True, '202011': True, '202012': True, '202101': True, '202102': True, '202103': True, '202104': True, '202105': True, '202106': True, '202107': True, '202108': True, '202109': True, '202110': True, '202111': True, '202112': True, '202201': False, '202202': True, '202203': False, '202204': False, '202205': False, '202206': True, '202207': False, '202208': True, '202209': True, '202210': True, '202211': True, '202212': True, '202301': True, '202302': True, '202303': True, '202304': False, '202305': True, '202306': True, '202307': True, '202308': True, '202309': True, '202310': True, '202311': True, '202312': False, '202401': True, '202402': True, '202403': True, '202404': True, '202405': True, '202406': True, '202407': True, '202408': False, '202409': False}",http://www.sling.com/privacy,38,"{'201708': False, '201709': False, '201710': False, '201711': False, '201712': False, '201801': False, '201802': False, '201803': False, '201804': False, '201805': False, '201806': False, '201807': False, '201808': False, '201809': False, '201810': False, '201811': False, '201812': False, '201901': True, '201902': False, '201903': True, '201904': False, '201905': False, '201906': False, '201907': True, '201908': False, '201909': False, '201910': False, '201911': False, '201912': True, '202001': False, '202002': False, '202003': False, '202004': True, '202005': False, '202006': True, '202007': True, '202008': False, '202009': False, '202010': True, '202011': True, '202012': False, '202101': True, '202102': True, '202103': False, '202104': True, '202105': False, '202106': False, '202107': False, '202108': False, '202109': False, '202110': False, '202111': True, '202112': False, '202201': True, '202202': False, '202203': True, '202204': True, '202205': True, '202206': True, '202207': False, '202208': True, '202209': True, '202210': True, '202211': True, '202212': True, '202301': True, '202302': True, '202303': True, '202304': True, '202305': True, '202306': True, '202307': True, '202308': True, '202309': True, '202310': False, '202311': False, '202312': False, '202401': True, '202402': False, '202403': False, '202404': True, '202405': True, '202406': True, '202407': False, '202408': True, '202409': True}"
com.snapchat.android,Snapchat,Snap Inc,https://play.google.com/store/apps/details?id=com.snapchat.android&hl=en&gl=us,"[{'name': 'Communication', 'id': 'COMMUNICATION'}]","1,000,000,000+",1759893,52,"{'201708': False, '201709': False, '201710': False, '201711': False, '201712': False, '201801': False, '201802': False, '201803': False, '201804': False, '201805': False, '201806': False, '201807': False, '201808': False, '201809': False, '201810': False, '201811': False, '201812': False, '201901': False, '201902': False, '201903': False, '201904': False, '201905': False, '201906': False, '201907': False, '201908': False, '201909': True, '201910': True, '201911': True, '201912': True, '202001': True, '202002': True, '202003': True, '202004': True, '202005': True, '202006': False, '202007': False, '202008': False, '202009': True, '202010': True, '202011': True, '202012': True, '202101': True, '202102': True, '202103': True, '202104': True, '202105': True, '202106': True, '202107': True, '202108': True, '202109': True, '202110': True, '202111': False, '202112': False, '202201': False, '202202': True, '202203': False, '202204': True, '202205': True, '202206': True, '202207': True, '202208': True, '202209': True, '202210': True, '202211': True, '202212': True, '202301': True, '202302': True, '202303': True, '202304': True, '202305': True, '202306': True, '202307': True, '202308': True, '202309': True, '202310': True, '202311': True, '202312': True, '202401': True, '202402': True, '202403': True, '202404': True, '202405': True, '202406': True, '202407': False, '202408': True, '202409': False}",http://www.snapchat.com/privacy,84,"{'201708': False, '201709': True, '201710': True, '201711': True, '201712': True, '201801': True, '201802': True, '201803': True, '201804': True, '201805': True, '201806': True, '201807': True, '201808': True, '201809': True, '201810': True, '201811': False, '201812': True, '201901': True, '201902': True, '201903': True, '201904': True, '201905': True, '201906': True, '201907': True, '201908': True, '201909': True, '201910': True, '201911': True, '201912': True, '202001': True, '202002': True, '202003': True, '202004': True, '202005': True, '202006': True, '202007': True, '202008': True, '202009': True, '202010': True, '202011': True, '202012': True, '202101': True, '202102': True, '202103': True, '202104': True, '202105': True, '202106': True, '202107': True, '202108': True, '202109': True, '202110': True, '202111': True, '202112': True, '202201': True, '202202': True, '202203': True, '202204': True, '202205': True, '202206': True, '202207': True, '202208': True, '202209': True, '202210': True, '202211': True, '202212': True, '202301': True, '202302': True, '202303': True, '202304': True, '202305': True, '202306': True, '202307': True, '202308': True, '202309': True, '202310': True, '202311': True, '202312': True, '202401': True, '202402': True, '202403': True, '202404': True, '202405': True, '202406': True, '202407': True, '202408': True, '202409': True}"
com.subway.mobile.subwayapp03,Subway,SUBWAY Restaurants,https://play.google.com/store/apps/details?id=com.subway.mobile.subwayapp03&hl=en&gl=us,"[{'name': 'Food & Drink', 'id': 'FOOD_AND_DRINK'}]","10,000,000+",121266,69,"{'201708': False, '201709': False, '201710': False, '201711': False, '201712': False, '201801': False, '201802': False, '201803': False, '201804': True, '201805': True, '201806': False, '201807': False, '201808': True, '201809': True, '201810': True, '201811': True, '201812': True, '201901': True, '201902': True, '201903': True, '201904': True, '201905': True, '201906': True, '201907': True, '201908': True, '201909': True, '201910': True, '201911': True, '201912': True, '202001': True, '202002': True, '202003': True, '202004': True, '202005': False, '202006': True, '202007': True, '202008': True, '202009': False, '202010': True, '202011': True, '202012': True, '202101': True, '202102': True, '202103': True, '202104': True, '202105': True, '202106': True, '202107': True, '202108': True, '202109': True, '202110': True, '202111': True, '202112': True, '202201': True, '202202': True, '202203': True, '202204': True, '202205': True, '202206': True, '202207': False, '202208': True, '202209': True, '202210': True, '202211': False, '202212': True, '202301': True, '202302': True, '202303': True, '202304': True, '202305': False, '202306': True, '202307': True, '202308': True, '202309': True, '202310': True, '202311': True, '202312': True, '202401': True, '202402': True, '202403': True, '202404': True, '202405': True, '202406': True, '202407': True, '202408': False, '202409': False}",https://www.subway.com/en-US/Legal/PrivacyStatement-FWH,22,"{'201708': False, '201709': True, '201710': False, '201711': False, '201712': False, '201801': True, '201802': False, '201803': True, '201804': True, '201805': True, '201806': True, '201807': True, '201808': True, '201809': False, '201810': False, '201811': True, '201812': False, '201901': False, '201902': False, '201903': False, '201904': False, '201905': True, '201906': False, '201907': False, '201908': False, '201909': False, '201910': True, '201911': False, '201912': False, '202001': False, '202002': False, '202003': False, '202004': False, '202005': False, '202006': False, '202007': False, '202008': True, '202009': False, '202010': False, '202011': False, '202012': False, '202101': False, '202102': True, '202103': False, '202104': True, '202105': False, '202106': False, '202107': False, '202108': False, '202109': False, '202110': False, '202111': False, '202112': False, '202201': False, '202202': False, '202203': True, '202204': False, '202205': True, '202206': False, '202207': True, '202208': True, '202209': True, '202210': False, '202211': False, '202212': False, '202301': False, '202302': False, '202303': False, '202304': False, '202305': False, '202306': True, '202307': False, '202308': False, '202309': False, '202310': False, '202311': False, '202312': False, '202401': True, '202402': False, '202403': False, '202404': False, '202405': False, '202406': False, '202407': False, '202408': True, '202409': False}"
org.telegram.messenger,Telegram,Telegram FZ-LLC,https://play.google.com/store/apps/details?id=org.telegram.messenger&hl=en&gl=us,"[{'name': 'Communication', 'id': 'COMMUNICATION'}]","1,000,000,000+",164514,72,"{'201708': False, '201709': False, '201710': True, '201711': True, '201712': True, '201801': False, '201802': True, '201803': True, '201804': True, '201805': True, '201806': True, '201807': True, '201808': True, '201809': False, '201810': False, '201811': False, '201812': True, '201901': True, '201902': True, '201903': True, '201904': False, '201905': True, '201906': True, '201907': True, '201908': True, '201909': True, '201910': True, '201911': True, '201912': False, '202001': True, '202002': True, '202003': True, '202004': True, '202005': True, '202006': True, '202007': True, '202008': True, '202009': True, '202010': True, '202011': True, '202012': True, '202101': True, '202102': True, '202103': True, '202104': True, '202105': False, '202106': True, '202107': True, '202108': True, '202109': True, '202110': False, '202111': True, '202112': True, '202201': True, '202202': True, '202203': True, '202204': True, '202205': False, '202206': True, '202207': True, '202208': True, '202209': True, '202210': False, '202211': True, '202212': True, '202301': True, '202302': True, '202303': True, '202304': True, '202305': True, '202306': False, '202307': True, '202308': True, '202309': True, '202310': True, '202311': True, '202312': True, '202401': True, '202402': True, '202403': True, '202404': True, '202405': False, '202406': True, '202407': True, '202408': True, '202409': True}",https://telegram.org/privacy,86,"{'201708': True, '201709': True, '201710': True, '201711': True, '201712': True, '201801': True, '201802': True, '201803': True, '201804': True, '201805': True, '201806': True, '201807': True, '201808': True, '201809': True, '201810': True, '201811': True, '201812': True, '201901': True, '201902': True, '201903': True, '201904': True, '201905': True, '201906': True, '201907': True, '201908': True, '201909': True, '201910': True, '201911': True, '201912': True, '202001': True, '202002': True, '202003': True, '202004': True, '202005': True, '202006': True, '202007': True, '202008': True, '202009': True, '202010': True, '202011': True, '202012': True, '202101': True, '202102': True, '202103': True, '202104': True, '202105': True, '202106': True, '202107': True, '202108': True, '202109': True, '202110': True, '202111': True, '202112': True, '202201': True, '202202': True, '202203': True, '202204': True, '202205': True, '202206': True, '202207': True, '202208': True, '202209': True, '202210': True, '202211': True, '202212': True, '202301': True, '202302': True, '202303': True, '202304': True, '202305': True, '202306': True, '202307': True, '202308': True, '202309': True, '202310': True, '202311': True, '202312': True, '202401': True, '202402': True, '202403': True, '202404': True, '202405': True, '202406': True, '202407': True, '202408': True, '202409': True}"
com.enflick.android.TextNow,TextNow: Call + Text Unlimited,"TextNow, Inc.",https://play.google.com/store/apps/details?id=com.enflick.android.TextNow&hl=en&gl=us,"[{'name': 'Communication', 'id': 'COMMUNICATION'}]","100,000,000+",380775,69,"{'201708': False, '201709': True, '201710': False, '201711': False, '201712': False, '201801': False, '201802': False, '201803': False, '201804': True, '201805': False, '201806': True, '201807': False, '201808': False, '201809': True, '201810': True, '201811': True, '201812': True, '201901': True, '201902': True, '201903': True, '201904': True, '201905': True, '201906': True, '201907': True, '201908': True, '201909': True, '201910': True, '201911': True, '201912': True, '202001': True, '202002': True, '202003': False, '202004': False, '202005': False, '202006': True, '202007': True, '202008': True, '202009': True, '202010': True, '202011': True, '202012': True, '202101': True, '202102': True, '202103': True, '202104': True, '202105': True, '202106': True, '202107': True, '202108': True, '202109': True, '202110': True, '202111': True, '202112': True, '202201': True, '202202': True, '202203': True, '202204': True, '202205': True, '202206': True, '202207': True, '202208': True, '202209': True, '202210': True, '202211': True, '202212': True, '202301': True, '202302': True, '202303': True, '202304': True, '202305': True, '202306': True, '202307': True, '202308': True, '202309': True, '202310': True, '202311': True, '202312': True, '202401': False, '202402': True, '202403': True, '202404': True, '202405': False, '202406': True, '202407': True, '202408': False, '202409': False}",https://www.textnow.com/legal/privacy,30,"{'201708': False, '201709': False, '201710': False, '201711': False, '201712': False, '201801': False, '201802': False, '201803': False, '201804': False, '201805': False, '201806': False, '201807': False, '201808': False, '201809': False, '201810': False, '201811': False, '201812': False, '201901': False, '201902': False, '201903': False, '201904': False, '201905': False, '201906': False, '201907': False, '201908': False, '201909': False, '201910': False, '201911': False, '201912': False, '202001': False, '202002': False, '202003': False, '202004': False, '202005': False, '202006': False, '202007': False, '202008': False, '202009': False, '202010': False, '202011': False, '202012': False, '202101': False, '202102': False, '202103': False, '202104': False, '202105': False, '202106': False, '202107': False, '202108': False, '202109': False, '202110': False, '202111': False, '202112': False, '202201': False, '202202': False, '202203': True, '202204': True, '202205': True, '202206': False, '202207': True, '202208': True, '202209': True, '202210': True, '202211': True, '202212': True, '202301': True, '202302': True, '202303': True, '202304': True, '202305': True, '202306': True, '202307': True, '202308': True, '202309': True, '202310': True, '202311': True, '202312': True, '202401': True, '202402': True, '202403': True, '202404': True, '202405': True, '202406': True, '202407': True, '202408': True, '202409': True}"
com.roku.remote,The Roku App (Official),"Roku, Inc. & its affiliates",https://play.google.com/store/apps/details?id=com.roku.remote&hl=en&gl=us,"[{'name': 'Entertainment', 'id': 'ENTERTAINMENT'}]","50,000,000+",230869,65,"{'201708': True, '201709': False, '201710': True, '201711': True, '201712': True, '201801': True, '201802': False, '201803': False, '201804': True, '201805': True, '201806': True, '201807': True, '201808': False, '201809': False, '201810': False, '201811': False, '201812': False, '201901': True, '201902': False, '201903': True, '201904': True, '201905': True, '201906': True, '201907': True, '201908': True, '201909': True, '201910': True, '201911': True, '201912': True, '202001': False, '202002': True, '202003': False, '202004': True, '202005': True, '202006': False, '202007': True, '202008': True, '202009': False, '202010': True, '202011': True, '202012': False, '202101': True, '202102': False, '202103': True, '202104': False, '202105': True, '202106': True, '202107': True, '202108': False, '202109': True, '202110': True, '202111': True, '202112': True, '202201': False, '202202': True, '202203': True, '202204': False, '202205': True, '202206': True, '202207': True, '202208': True, '202209': True, '202210': True, '202211': True, '202212': True, '202301': True, '202302': True, '202303': True, '202304': True, '202305': True, '202306': True, '202307': True, '202308': True, '202309': True, '202310': True, '202311': True, '202312': True, '202401': True, '202402': True, '202403': True, '202404': True, '202405': True, '202406': True, '202407': True, '202408': False, '202409': False}",https://www.roku.com/about/privacy,57,"{'201708': False, '201709': False, '201710': False, '201711': False, '201712': False, '201801': False, '201802': False, '201803': False, '201804': False, '201805': False, '201806': False, '201807': False, '201808': False, '201809': False, '201810': False, '201811': False, '201812': False, '201901': False, '201902': False, '201903': False, '201904': False, '201905': False, '201906': False, '201907': False, '201908': True, '201909': False, '201910': False, '201911': False, '201912': False, '202001': False, '202002': True, '202003': True, '202004': True, '202005': True, '202006': True, '202007': True, '202008': True, '202009': True, '202010': True, '202011': True, '202012': True, '202101': True, '202102': True, '202103': True, '202104': True, '202105': True, '202106': True, '202107': True, '202108': True, '202109': True, '202110': True, '202111': True, '202112': True, '202201': True, '202202': True, '202203': True, '202204': True, '202205': True, '202206': True, '202207': True, '202208': True, '202209': True, '202210': True, '202211': True, '202212': True, '202301': True, '202302': True, '202303': True, '202304': True, '202305': True, '202306': True, '202307': True, '202308': True, '202309': True, '202310': True, '202311': True, '202312': True, '202401': True, '202402': True, '202403': True, '202404': True, '202405': True, '202406': True, '202407': True, '202408': True, '202409': True}"
com.ubercab.eats,Uber Eats: Food Delivery,"Uber Technologies, Inc.",https://play.google.com/store/apps/details?id=com.ubercab.eats&hl=en&gl=us,"[{'name': 'Food & Drink', 'id': 'FOOD_AND_DRINK'}]","100,000,000+",341130,12,"{'201708': False, '201709': False, '201710': False, '201711': False, '201712': False, '201801': False, '201802': False, '201803': False, '201804': False, '201805': False, '201806': False, '201807': False, '201808': False, '201809': False, '201810': False, '201811': False, '201812': False, '201901': False, '201902': False, '201903': False, '201904': False, '201905': False, '201906': False, '201907': False, '201908': False, '201909': False, '201910': False, '201911': False, '201912': False, '202001': False, '202002': False, '202003': False, '202004': False, '202005': False, '202006': False, '202007': False, '202008': False, '202009': False, '202010': False, '202011': False, '202012': False, '202101': False, '202102': False, '202103': False, '202104': False, '202105': False, '202106': False, '202107': False, '202108': False, '202109': False, '202110': False, '202111': False, '202112': False, '202201': False, '202202': False, '202203': False, '202204': False, '202205': False, '202206': False, '202207': False, '202208': False, '202209': False, '202210': False, '202211': False, '202212': False, '202301': False, '202302': False, '202303': False, '202304': False, '202305': False, '202306': False, '202307': False, '202308': True, '202309': True, '202310': True, '202311': True, '202312': True, '202401': True, '202402': True, '202403': True, '202404': True, '202405': True, '202406': True, '202407': True, '202408': False, '202409': False}",https://www.uber.com/privacy,55,"{'201708': False, '201709': False, '201710': False, '201711': False, '201712': False, '201801': False, '201802': False, '201803': False, '201804': False, '201805': False, '201806': False, '201807': False, '201808': False, '201809': False, '201810': False, '201811': False, '201812': False, '201901': False, '201902': False, '201903': False, '201904': False, '201905': False, '201906': False, '201907': False, '201908': False, '201909': False, '201910': False, '201911': False, '201912': False, '202001': False, '202002': False, '202003': True, '202004': True, '202005': True, '202006': True, '202007': True, '202008': True, '202009': True, '202010': True, '202011': True, '202012': True, '202101': True, '202102': True, '202103': True, '202104': True, '202105': True, '202106': True, '202107': True, '202108': True, '202109': True, '202110': True, '202111': True, '202112': True, '202201': True, '202202': True, '202203': True, '202204': True, '202205': True, '202206': True, '202207': True, '202208': True, '202209': True, '202210': True, '202211': True, '202212': True, '202301': True, '202302': True, '202303': True, '202304': True, '202305': True, '202306': True, '202307': True, '202308': True, '202309': True, '202310': True, '202311': True, '202312': True, '202401': True, '202402': True, '202403': True, '202404': True, '202405': True, '202406': True, '202407': True, '202408': True, '202409': True}"
com.ubercab,Uber - Request a ride,"Uber Technologies, Inc.",https://play.google.com/store/apps/details?id=com.ubercab&hl=en&gl=us,"[{'name': 'Maps & Navigation', 'id': 'MAPS_AND_NAVIGATION'}]","500,000,000+",369666,37,"{'201708': False, '201709': True, '201710': False, '201711': True, '201712': False, '201801': False, '201802': False, '201803': False, '201804': False, '201805': False, '201806': False, '201807': True, '201808': False, '201809': False, '201810': True, '201811': True, '201812': False, '201901': False, '201902': False, '201903': False, '201904': True, '201905': False, '201906': False, '201907': True, '201908': True, '201909': True, '201910': True, '201911': True, '201912': False, '202001': False, '202002': False, '202003': False, '202004': False, '202005': False, '202006': False, '202007': True, '202008': True, '202009': True, '202010': True, '202011': True, '202012': True, '202101': True, '202102': True, '202103': True, '202104': True, '202105': True, '202106': True, '202107': False, '202108': False, '202109': False, '202110': False, '202111': True, '202112': False, '202201': False, '202202': False, '202203': False, '202204': False, '202205': True, '202206': False, '202207': False, '202208': False, '202209': False, '202210': False, '202211': False, '202212': False, '202301': False, '202302': False, '202303': False, '202304': False, '202305': False, '202306': True, '202307': False, '202308': True, '202309': True, '202310': True, '202311': True, '202312': True, '202401': True, '202402': True, '202403': True, '202404': True, '202405': True, '202406': False, '202407': True, '202408': False, '202409': False}",https://www.uber.com/privacy,55,"{'201708': False, '201709': False, '201710': False, '201711': False, '201712': False, '201801': False, '201802': False, '201803': False, '201804': False, '201805': False, '201806': False, '201807': False, '201808': False, '201809': False, '201810': False, '201811': False, '201812': False, '201901': False, '201902': False, '201903': False, '201904': False, '201905': False, '201906': False, '201907': False, '201908': False, '201909': False, '201910': False, '201911': False, '201912': False, '202001': False, '202002': False, '202003': True, '202004': True, '202005': True, '202006': True, '202007': True, '202008': True, '202009': True, '202010': True, '202011': True, '202012': True, '202101': True, '202102': True, '202103': True, '202104': True, '202105': True, '202106': True, '202107': True, '202108': True, '202109': True, '202110': True, '202111': True, '202112': True, '202201': True, '202202': True, '202203': True, '202204': True, '202205': True, '202206': True, '202207': True, '202208': True, '202209': True, '202210': True, '202211': True, '202212': True, '202301': True, '202302': True, '202303': True, '202304': True, '202305': True, '202306': True, '202307': True, '202308': True, '202309': True, '202310': True, '202311': True, '202312': True, '202401': True, '202402': True, '202403': True, '202404': True, '202405': True, '202406': True, '202407': True, '202408': True, '202409': True}"
com.venmo,Venmo,Venmo,https://play.google.com/store/apps/details?id=com.venmo&hl=en&gl=us,"[{'name': 'Finance', 'id': 'FINANCE'}]","50,000,000+",303150,71,"{'201708': False, '201709': False, '201710': True, '201711': True, '201712': True, '201801': True, '201802': True, '201803': True, '201804': True, '201805': True, '201806': True, '201807': True, '201808': True, '201809': True, '201810': True, '201811': True, '201812': True, '201901': True, '201902': True, '201903': True, '201904': True, '201905': True, '201906': False, '201907': False, '201908': False, '201909': False, '201910': False, '201911': False, '201912': False, '202001': False, '202002': False, '202003': False, '202004': False, '202005': True, '202006': True, '202007': True, '202008': True, '202009': True, '202010': True, '202011': True, '202012': True, '202101': True, '202102': True, '202103': True, '202104': True, '202105': True, '202106': True, '202107': True, '202108': True, '202109': True, '202110': True, '202111': True, '202112': True, '202201': True, '202202': True, '202203': True, '202204': True, '202205': True, '202206': True, '202207': True, '202208': True, '202209': True, '202210': True, '202211': True, '202212': True, '202301': True, '202302': True, '202303': True, '202304': True, '202305': True, '202306': True, '202307': True, '202308': True, '202309': True, '202310': True, '202311': True, '202312': True, '202401': True, '202402': True, '202403': True, '202404': True, '202405': True, '202406': True, '202407': True, '202408': False, '202409': False}",https://venmo.com/info/privacy-policy,85,"{'201708': True, '201709': True, '201710': True, '201711': True, '201712': True, '201801': True, '201802': True, '201803': True, '201804': True, '201805': True, '201806': True, '201807': True, '201808': True, '201809': True, '201810': True, '201811': True, '201812': True, '201901': True, '201902': True, '201903': True, '201904': True, '201905': True, '201906': True, '201907': True, '201908': False, '201909': True, '201910': True, '201911': True, '201912': True, '202001': True, '202002': True, '202003': True, '202004': True, '202005': True, '202006': True, '202007': True, '202008': True, '202009': True, '202010': True, '202011': True, '202012': True, '202101': True, '202102': True, '202103': True, '202104': True, '202105': True, '202106': True, '202107': True, '202108': True, '202109': True, '202110': True, '202111': True, '202112': True, '202201': True, '202202': True, '202203': True, '202204': True, '202205': True, '202206': True, '202207': True, '202208': True, '202209': True, '202210': True, '202211': True, '202212': True, '202301': True, '202302': True, '202303': True, '202304': True, '202305': True, '202306': True, '202307': True, '202308': True, '202309': True, '202310': True, '202311': True, '202312': True, '202401': True, '202402': True, '202403': True, '202404': True, '202405': True, '202406': True, '202407': True, '202408': True, '202409': True}"
com.walmart.android,Walmart: Shopping & Savings,Walmart,https://play.google.com/store/apps/details?id=com.walmart.android&hl=en&gl=us,"[{'name': 'Shopping', 'id': 'SHOPPING'}]","100,000,000+",456213,80,"{'201708': False, '201709': False, '201710': True, '201711': True, '201712': True, '201801': True, '201802': True, '201803': True, '201804': True, '201805': True, '201806': True, '201807': True, '201808': True, '201809': True, '201810': True, '201811': True, '201812': True, '201901': True, '201902': True, '201903': True, '201904': True, '201905': True, '201906': True, '201907': True, '201908': True, '201909': True, '201910': True, '201911': True, '201912': True, '202001': True, '202002': True, '202003': True, '202004': True, '202005': True, '202006': True, '202007': True, '202008': True, '202009': True, '202010': True, '202011': True, '202012': True, '202101': True, '202102': True, '202103': True, '202104': True, '202105': True, '202106': True, '202107': False, '202108': False, '202109': True, '202110': True, '202111': True, '202112': True, '202201': True, '202202': True, '202203': True, '202204': True, '202205': True, '202206': True, '202207': True, '202208': True, '202209': True, '202210': True, '202211': True, '202212': True, '202301': True, '202302': True, '202303': True, '202304': True, '202305': True, '202306': True, '202307': True, '202308': True, '202309': True, '202310': True, '202311': True, '202312': True, '202401': True, '202402': True, '202403': True, '202404': True, '202405': True, '202406': True, '202407': True, '202408': False, '202409': False}",http://corporate.walmart.com/privacy-security/walmart-privacy-policy,86,"{'201708': True, '201709': True, '201710': True, '201711': True, '201712': True, '201801': True, '201802': True, '201803': True, '201804': True, '201805': True, '201806': True, '201807': True, '201808': True, '201809': True, '201810': True, '201811': True, '201812': True, '201901': True, '201902': True, '201903': True, '201904': True, '201905': True, '201906': True, '201907': True, '201908': True, '201909': True, '201910': True, '201911': True, '201912': True, '202001': True, '202002': True, '202003': True, '202004': True, '202005': True, '202006': True, '202007': True, '202008': True, '202009': True, '202010': True, '202011': True, '202012': True, '202101': True, '202102': True, '202103': True, '202104': True, '202105': True, '202106': True, '202107': True, '202108': True, '202109': True, '202110': True, '202111': True, '202112': True, '202201': True, '202202': True, '202203': True, '202204': True, '202205': True, '202206': True, '202207': True, '202208': True, '202209': True, '202210': True, '202211': True, '202212': True, '202301': True, '202302': True, '202303': True, '202304': True, '202305': True, '202306': True, '202307': True, '202308': True, '202309': True, '202310': True, '202311': True, '202312': True, '202401': True, '202402': True, '202403': True, '202404': True, '202405': True, '202406': True, '202407': True, '202408': True, '202409': True}"
com.whatsapp,WhatsApp Messenger,WhatsApp LLC,https://play.google.com/store/apps/details?id=com.whatsapp&hl=en&gl=us,"[{'name': 'Communication', 'id': 'COMMUNICATION'}]","5,000,000,000+",1962319,82,"{'201708': False, '201709': False, '201710': True, '201711': False, '201712': True, '201801': True, '201802': True, '201803': True, '201804': True, '201805': True, '201806': True, '201807': True, '201808': True, '201809': True, '201810': True, '201811': True, '201812': True, '201901': True, '201902': True, '201903': True, '201904': True, '201905': True, '201906': True, '201907': True, '201908': True, '201909': True, '201910': True, '201911': True, '201912': True, '202001': True, '202002': True, '202003': True, '202004': True, '202005': True, '202006': True, '202007': True, '202008': True, '202009': True, '202010': True, '202011': True, '202012': True, '202101': True, '202102': True, '202103': True, '202104': True, '202105': True, '202106': True, '202107': True, '202108': True, '202109': True, '202110': True, '202111': True, '202112': True, '202201': True, '202202': True, '202203': True, '202204': True, '202205': True, '202206': True, '202207': True, '202208': True, '202209': True, '202210': True, '202211': True, '202212': True, '202301': True, '202302': True, '202303': True, '202304': True, '202305': True, '202306': True, '202307': True, '202308': True, '202309': True, '202310': True, '202311': True, '202312': True, '202401': True, '202402': True, '202403': True, '202404': True, '202405': True, '202406': True, '202407': True, '202408': True, '202409': False}",https://www.whatsapp.com/legal/privacy-policy,0,"{'201708': False, '201709': False, '201710': False, '201711': False, '201712': False, '201801': False, '201802': False, '201803': False, '201804': False, '201805': False, '201806': False, '201807': False, '201808': False, '201809': False, '201810': False, '201811': False, '201812': False, '201901': False, '201902': False, '201903': False, '201904': False, '201905': False, '201906': False, '201907': False, '201908': False, '201909': False, '201910': False, '201911': False, '201912': False, '202001': False, '202002': False, '202003': False, '202004': False, '202005': False, '202006': False, '202007': False, '202008': False, '202009': False, '202010': False, '202011': False, '202012': False, '202101': False, '202102': False, '202103': False, '202104': False, '202105': False, '202106': False, '202107': False, '202108': False, '202109': False, '202110': False, '202111': False, '202112': False, '202201': False, '202202': False, '202203': False, '202204': False, '202205': False, '202206': False, '202207': False, '202208': False, '202209': False, '202210': False, '202211': False, '202212': False, '202301': False, '202302': False, '202303': False, '202304': False, '202305': False, '202306': False, '202307': False, '202308': False, '202309': False, '202310': False, '202311': False, '202312': False, '202401': False, '202402': False, '202403': False, '202404': False, '202405': False, '202406': False, '202407': False, '202408': False, '202409': False}"
com.twitter.android,X,X Corp.,https://play.google.com/store/apps/details?id=com.twitter.android&hl=en&gl=us,"[{'name': 'Social', 'id': 'SOCIAL'}]","1,000,000,000+",760336,75,"{'201708': True, '201709': True, '201710': True, '201711': True, '201712': True, '201801': True, '201802': True, '201803': True, '201804': True, '201805': True, '201806': True, '201807': True, '201808': True, '201809': True, '201810': True, '201811': True, '201812': True, '201901': True, '201902': True, '201903': True, '201904': True, '201905': False, '201906': False, '201907': False, '201908': False, '201909': True, '201910': True, '201911': True, '201912': False, '202001': True, '202002': False, '202003': False, '202004': False, '202005': False, '202006': False, '202007': True, '202008': True, '202009': True, '202010': True, '202011': True, '202012': True, '202101': True, '202102': True, '202103': True, '202104': True, '202105': True, '202106': True, '202107': True, '202108': True, '202109': True, '202110': True, '202111': True, '202112': True, '202201': True, '202202': True, '202203': True, '202204': True, '202205': True, '202206': True, '202207': True, '202208': True, '202209': True, '202210': True, '202211': True, '202212': True, '202301': True, '202302': True, '202303': True, '202304': True, '202305': True, '202306': True, '202307': True, '202308': True, '202309': True, '202310': True, '202311': True, '202312': True, '202401': True, '202402': True, '202403': True, '202404': True, '202405': True, '202406': True, '202407': True, '202408': False, '202409': False, '201707': True}",http://twitter.com/privacy,86,"{'201708': True, '201709': True, '201710': True, '201711': True, '201712': True, '201801': True, '201802': True, '201803': True, '201804': True, '201805': True, '201806': True, '201807': True, '201808': True, '201809': True, '201810': True, '201811': True, '201812': True, '201901': True, '201902': True, '201903': True, '201904': True, '201905': True, '201906': True, '201907': True, '201908': True, '201909': True, '201910': True, '201911': True, '201912': True, '202001': True, '202002': True, '202003': True, '202004': True, '202005': True, '202006': True, '202007': True, '202008': True, '202009': True, '202010': True, '202011': True, '202012': True, '202101': True, '202102': True, '202103': True, '202104': True, '202105': True, '202106': True, '202107': True, '202108': True, '202109': True, '202110': True, '202111': True, '202112': True, '202201': True, '202202': True, '202203': True, '202204': True, '202205': True, '202206': True, '202207': True, '202208': True, '202209': True, '202210': True, '202211': True, '202212': True, '202301': True, '202302': True, '202303': True, '202304': True, '202305': True, '202306': True, '202307': True, '202308': True, '202309': True, '202310': True, '202311': True, '202312': True, '202401': True, '202402': True, '202403': True, '202404': True, '202405': True, '202406': True, '202407': True, '202408': True, '202409': True}"
com.google.android.apps.youtube.kids,YouTube Kids,Google LLC,https://play.google.com/store/apps/details?id=com.google.android.apps.youtube.kids&hl=en&gl=us,"[{'name': 'Entertainment', 'id': 'ENTERTAINMENT'}]","500,000,000+",83477,84,"{'201708': True, '201709': False, '201710': True, '201711': True, '201712': True, '201801': True, '201802': True, '201803': True, '201804': True, '201805': True, '201806': True, '201807': False, '201808': True, '201809': True, '201810': True, '201811': True, '201812': True, '201901': True, '201902': True, '201903': True, '201904': True, '201905': True, '201906': True, '201907': True, '201908': True, '201909': True, '201910': True, '201911': True, '201912': True, '202001': True, '202002': True, '202003': True, '202004': True, '202005': True, '202006': True, '202007': True, '202008': True, '202009': True, '202010': True, '202011': True, '202012': True, '202101': True, '202102': True, '202103': True, '202104': True, '202105': True, '202106': True, '202107': True, '202108': True, '202109': True, '202110': True, '202111': True, '202112': True, '202201': True, '202202': True, '202203': True, '202204': True, '202205': True, '202206': True, '202207': True, '202208': True, '202209': True, '202210': True, '202211': True, '202212': True, '202301': True, '202302': True, '202303': True, '202304': True, '202305': True, '202306': True, '202307': True, '202308': True, '202309': True, '202310': True, '202311': True, '202312': True, '202401': True, '202402': True, '202403': True, '202404': True, '202405': True, '202406': True, '202407': True, '202408': True, '202409': True}",http://www.google.com/intl/en/policies/privacy/,86,"{'201708': True, '201709': True, '201710': True, '201711': True, '201712': True, '201801': True, '201802': True, '201803': True, '201804': True, '201805': True, '201806': True, '201807': True, '201808': True, '201809': True, '201810': True, '201811': True, '201812': True, '201901': True, '201902': True, '201903': True, '201904': True, '201905': True, '201906': True, '201907': True, '201908': True, '201909': True, '201910': True, '201911': True, '201912': True, '202001': True, '202002': True, '202003': True, '202004': True, '202005': True, '202006': True, '202007': True, '202008': True, '202009': True, '202010': True, '202011': True, '202012': True, '202101': True, '202102': True, '202103': True, '202104': True, '202105': True, '202106': True, '202107': True, '202108': True, '202109': True, '202110': True, '202111': True, '202112': True, '202201': True, '202202': True, '202203': True, '202204': True, '202205': True, '202206': True, '202207': True, '202208': True, '202209': True, '202210': True, '202211': True, '202212': True, '202301': True, '202302': True, '202303': True, '202304': True, '202305': True, '202306': True, '202307': True, '202308': True, '202309': True, '202310': True, '202311': True, '202312': True, '202401': True, '202402': True, '202403': True, '202404': True, '202405': True, '202406': True, '202407': True, '202408': True, '202409': True}"
com.google.android.apps.youtube.unplugged,YouTube TV: Live TV & more,Google LLC,https://play.google.com/store/apps/details?id=com.google.android.apps.youtube.unplugged&hl=en&gl=us,"[{'name': 'Entertainment', 'id': 'ENTERTAINMENT'}]","10,000,000+",54050,82,"{'201708': False, '201709': True, '201710': True, '201711': True, '201712': False, '201801': True, '201802': True, '201803': True, '201804': True, '201805': True, '201806': True, '201807': True, '201808': True, '201809': True, '201810': True, '201811': True, '201812': True, '201901': True, '201902': True, '201903': True, '201904': True, '201905': True, '201906': True, '201907': True, '201908': True, '201909': True, '201910': True, '201911': True, '201912': True, '202001': True, '202002': True, '202003': True, '202004': True, '202005': True, '202006': True, '202007': True, '202008': True, '202009': True, '202010': True, '202011': True, '202012': True, '202101': True, '202102': True, '202103': True, '202104': True, '202105': True, '202106': True, '202107': True, '202108': True, '202109': True, '202110': True, '202111': True, '202112': True, '202201': True, '202202': True, '202203': True, '202204': True, '202205': True, '202206': True, '202207': True, '202208': True, '202209': True, '202210': True, '202211': True, '202212': True, '202301': True, '202302': True, '202303': True, '202304': True, '202305': True, '202306': True, '202307': True, '202308': True, '202309': True, '202310': True, '202311': True, '202312': True, '202401': True, '202402': True, '202403': True, '202404': True, '202405': True, '202406': True, '202407': True, '202408': False, '202409': False}",http://www.google.com/policies/privacy,86,"{'201708': True, '201709': True, '201710': True, '201711': True, '201712': True, '201801': True, '201802': True, '201803': True, '201804': True, '201805': True, '201806': True, '201807': True, '201808': True, '201809': True, '201810': True, '201811': True, '201812': True, '201901': True, '201902': True, '201903': True, '201904': True, '201905': True, '201906': True, '201907': True, '201908': True, '201909': True, '201910': True, '201911': True, '201912': True, '202001': True, '202002': True, '202003': True, '202004': True, '202005': True, '202006': True, '202007': True, '202008': True, '202009': True, '202010': True, '202011': True, '202012': True, '202101': True, '202102': True, '202103': True, '202104': True, '202105': True, '202106': True, '202107': True, '202108': True, '202109': True, '202110': True, '202111': True, '202112': True, '202201': True, '202202': True, '202203': True, '202204': True, '202205': True, '202206': True, '202207': True, '202208': True, '202209': True, '202210': True, '202211': True, '202212': True, '202301': True, '202302': True, '202303': True, '202304': True, '202305': True, '202306': True, '202307': True, '202308': True, '202309': True, '202310': True, '202311': True, '202312': True, '202401': True, '202402': True, '202403': True, '202404': True, '202405': True, '202406': True, '202407': True, '202408': True, '202409': True}"
